"","prediction","d.CMS1","d.CMS2","d.CMS3","d.CMS4","p.value","FDR"
"00ae9ab8-6eaa-4085-af72-26f96df97fa3",NA,0.757771909458515,0.79847512438675,0.705764409177932,0.854519223650041,0.935064935064935,0.972130572130572
"00cdff29-697a-4a17-ba67-cf55c006b827","CMS2",0.811679817194392,0.615931133933486,0.75291992376625,0.652753820225494,0.00999000999000999,0.0187150511825836
"01947597-c83a-4c5d-8a45-f1fe27992ad5","CMS4",0.799805793339847,0.648986721955523,0.659955842803799,0.544269016242801,0.001,0.00274761904761905
"0194feb1-d8be-45e5-9b95-0596090e9ecc","CMS2",0.786863903658698,0.543678329031095,0.570007951012999,0.733017227765941,0.001,0.00274761904761905
"019bfec7-ec6c-4cd6-808b-3e6e058e55f9","CMS4",0.638330212941451,0.618075265659404,0.703317725342589,0.596612798027365,0.00799200799200799,0.0155265609811064
"01d414a2-2b77-41e8-8622-98b277f5dc85",NA,0.839794692501559,0.657419361508501,0.767466019698362,0.667651659168361,0.275724275724276,0.331443556443556
"02033780-6bc1-407d-bd0f-45b6d74ae87b","CMS1",0.550451337280136,0.825436899537995,0.657582311241625,0.647349420079772,0.001,0.00274761904761905
"0228ad1c-d5ac-4938-9157-4f7738edf233",NA,0.811637389312519,0.674644363238287,0.811080636025491,0.773622918445275,0.291708291708292,0.347759678338191
"025bf99d-1e89-43f3-b0b7-8dfe5d43e192","CMS2",0.808053409472152,0.548299093533079,0.699221359652507,0.798786197645615,0.001,0.00274761904761905
"026818a6-8180-4d9c-9357-b88a832b374e","CMS3",0.70448671998868,0.707364847762343,0.619109449076888,0.702224250807978,0.031968031968032,0.0499879524269768
"028cf419-71ca-4bcd-9f45-3c1c394f1f17","CMS2",0.778722483975318,0.574382412922149,0.77379532881329,0.605095973037341,0.001,0.00274761904761905
"03277451-4bc3-4c62-947a-0951276ee8e9",NA,0.626682628506271,0.77778130079551,0.651907740036885,0.8054325760798,0.038961038961039,0.0585430194805195
"0361fa03-68ca-498f-9de5-0efa5cbf8c70","CMS3",0.789726383900812,0.697208865801263,0.615455818377733,0.816489011771007,0.020979020979021,0.0354982261140619
"03dfd378-4df6-48b6-a160-60d6d9f11533","CMS2",0.738295775235967,0.587808831135565,0.664941455096293,0.661590614464254,0.00599400599400599,0.0127152259505201
"03fc84ec-ac67-4fdd-a7ce-f677cf8b82e6",NA,0.701243476870826,0.75556799178275,0.771362684330733,0.729503899965213,0.635364635364635,0.702309185067806
"04288a35-71ba-421d-80a4-52bb0853aa9f",NA,0.662885504906911,0.822566275517008,0.715060859302994,0.749767269099485,0.547452547452547,0.616953359140859
"04981c65-5d1e-4ced-bfd0-8db2e078b5c2","CMS2",0.732993149582741,0.61636647979781,0.630927051465768,0.664890924617833,0.016983016983017,0.0295156650578337
"055ffec2-1932-4a20-84b8-b841fc0054eb",NA,0.653581651725236,0.709900651427071,0.71410608058144,0.636813703355998,0.0939060939060939,0.122865796335184
"059526c3-7cb1-4bdf-ac9a-0b887014b5fa",NA,0.716164120156758,0.676869315622506,0.736989425348458,0.841894170267733,0.515484515484515,0.585501113060168
"05f2ad36-dc5f-4df4-8f79-afe4f46f81fb",NA,0.816436721217822,0.649773576942303,0.672381086916019,0.8075845765692,0.171828171828172,0.215532293793163
"07576e90-dbad-4c35-8fcd-e9ef89c8addc",NA,0.803154201602725,0.610373218278506,0.752005038546568,0.803135170591988,0.033966033966034,0.0524021433112342
"080f8c74-76c9-484e-b7b7-16a2c60da497",NA,0.775540708257953,0.650397247105762,0.783148236610257,0.77751774216205,0.305694305694306,0.362933362933363
"08239799-b042-41c2-90cd-6a0dad35e54d","CMS3",0.721711851483518,0.692876414555812,0.615267523524926,0.680152876600777,0.024975024975025,0.0412910871363593
"08872f38-d20f-4610-898c-aff8fe15bfe2",NA,0.871627847592923,0.665488005551538,0.769334147439955,0.765337916982753,0.190809190809191,0.236259448705801
"08c9b174-59f5-4d74-8f01-99fbd2531f20","CMS1",0.49907830454698,0.780731105181127,0.613284572267601,0.706734440567354,0.001,0.00274761904761905
"09866ae2-461d-4bc5-88e7-0cc338e502fd","CMS1",0.618684026324263,0.699787488289961,0.725020976459768,0.70098166315947,0.026973026973027,0.043964510066205
"09e969eb-37d0-4502-ad3f-5856b6ad8f43","CMS3",0.704189748578525,0.783098316040868,0.593402705593919,0.838174699965056,0.00599400599400599,0.0127152259505201
"0a41ee42-3997-4fde-8928-c005b34bc0d9","CMS3",0.643646179003664,0.754542951293404,0.559841600801454,0.669962191212828,0.001,0.00274761904761905
"0ab52521-ed65-49f9-8508-e90062281352","CMS2",0.804783765002333,0.613217153242825,0.729889098853453,0.714350479030739,0.016983016983017,0.0295156650578337
"0b007fbb-171b-460c-81bc-a004201cee6c",NA,0.700161216313755,0.826683937533338,0.81011241248162,0.697394174292741,0.959040959040959,0.986393285858527
"0c62b002-8912-4ce0-a2e5-41bc1e3f9996","CMS1",0.546468338897988,0.842716576916794,0.766310286786275,0.761638197636781,0.001,0.00274761904761905
"0caeddec-a904-4c53-be6d-56c83975eae0",NA,0.798123701115473,0.679924759369873,0.723803796630116,0.681187357913348,0.777222777222777,0.839808131942963
"0cb1ff53-394b-4638-a754-8e9fed5ee614","CMS1",0.595502521245447,0.7344757483974,0.735386639741396,0.823689742237628,0.00699300699300699,0.014257826978675
"0cb4425b-6b54-44ef-8594-f91b3b13d403","CMS2",0.836707382202297,0.594104506756024,0.669412054897502,0.801555980566606,0.003996003996004,0.00900661838161838
"0d104bd9-575e-483f-b827-55e617bb6d65","CMS4",0.79148221824843,0.618213285156606,0.779812381611472,0.597612151775299,0.001998001998002,0.0049478418577131
"0d1e7193-6623-4c34-b3fe-5a7f0a6a9913","CMS4",0.798634733234167,0.649893155493297,0.784774125640717,0.47054959081571,0.001,0.00274761904761905
"0d42dff4-8815-4b8d-b11c-705dfdb0a5b8",NA,0.684894134278486,0.699796488139907,0.806631092717712,0.806475332902099,0.632367632367632,0.700338049666265
"0d6ba88c-ba7a-4e82-96b0-67e2b084b088","CMS4",0.708345525256207,0.636877871485754,0.798223669077962,0.533235138656307,0.001,0.00274761904761905
"0da581b5-c86b-4b79-95b8-6633e7246e3f",NA,0.759620235351129,0.727655003825833,0.772917356472739,0.680075375427799,0.515484515484515,0.585501113060168
"0e065804-8df9-4294-8a02-0b288cc68b81",NA,0.744856574392151,0.640498518427093,0.682985159063796,0.838991786674263,0.181818181818182,0.226097178683386
"0e6df121-536a-4bb2-8197-4e8891c24181","CMS2",0.821224401066208,0.578048856070975,0.78136109072599,0.748070427439022,0.001998001998002,0.0049478418577131
"0e715b20-ad08-47bb-b69e-c8c8c48a44ae","CMS4",0.624303904132832,0.718890104954433,0.770338515856466,0.565715960720076,0.001,0.00274761904761905
"0e93cda6-1c3e-429f-87cb-6599d1fc2574","CMS1",0.510700523875052,0.824267410477189,0.682830054473526,0.734970150401968,0.001,0.00274761904761905
"0e95c8a8-8bc3-4016-be71-acdc9411a369",NA,0.879595376140133,0.770331032605382,0.781623870042915,0.744572807983746,0.999000999000999,1
"0f2afe6c-874d-4b00-af46-3ff7bcd9caec",NA,0.824524095835456,0.753463110093844,0.774461469864785,0.863112363440143,1,1
"0f68cfdc-4abc-486b-938d-a7bea44b5c6c",NA,0.848334048393225,0.756274937605563,0.724908210668294,0.866136264600988,0.862137862137862,0.918874483450129
"1035f31d-080e-4a79-ada7-6637ed571ee3","CMS2",0.759690790876111,0.585538753193293,0.677894384432565,0.602353293473806,0.001,0.00274761904761905
"1083930a-42f7-49dc-a448-f8cafa7313e5","CMS2",0.69100276196215,0.563569425582948,0.617435174297364,0.605065437776892,0.001,0.00274761904761905
"1085f238-83b9-468c-b8de-bd969b50e28e","CMS4",0.709752871274744,0.693513908397849,0.689304593112834,0.567377653008216,0.001,0.00274761904761905
"10e6418e-177b-401a-aef6-6027e93cc578",NA,0.842544834946176,0.720622721703032,0.761700019390762,0.870992798460009,0.979020979020979,1
"11be116a-2014-4685-99fc-13badbb91841","CMS4",0.724814812002118,0.738699496968732,0.785046767442748,0.460302214660339,0.001,0.00274761904761905
"11c21f13-84a0-416f-a7ca-25fc1c2ee0f9","CMS3",0.727232067490738,0.690501456863465,0.610469493750037,0.743610776813746,0.00899100899100899,0.0171214923690171
"11fb2ab9-4116-4cea-95f9-0c0ca111cc2f","CMS2",0.639177145131151,0.585439645455608,0.768091430716109,0.5978037165253,0.00799200799200799,0.0155265609811064
"13048c52-e0c7-4289-b7a3-86e0042f3c7b",NA,0.792771360869057,0.629846166673448,0.758648052248806,0.625838338697569,0.032967032967033,0.0511343495214463
"13a72fbf-f601-4f67-aca4-796716f78293","CMS4",0.577833290870255,0.717551950786243,0.638067270036979,0.557826825065492,0.001,0.00274761904761905
"13cc094c-3724-45cc-8a98-650d0c7a695a",NA,0.723854310307106,0.645810382422109,0.784048185850259,0.665057747343115,0.236763236763237,0.288821115459593
"14eb25f3-a5ea-4589-9fdc-73da9e2ca081",NA,0.757356704074974,0.826284331728334,0.761548203435029,0.80018737798746,1,1
"1530ffe4-22f1-40b1-96d8-57f1509a0171","CMS1",0.598868546993469,0.717991382536198,0.630481704904201,0.788448371536001,0.00599400599400599,0.0127152259505201
"1630f3a7-898d-43ee-93ad-b9486024d323","CMS3",0.649431591178047,0.786760573558749,0.539193321922256,0.754121231016723,0.001,0.00274761904761905
"1661a686-4738-4d21-80ae-65b8bae655e4",NA,0.682708025117574,0.774331056025592,0.820862647271333,0.747928026842829,0.728271728271728,0.79585755153937
"1771fe4f-faa4-42cd-add0-4efc5e1f844a",NA,0.721223673081002,0.825273149576316,0.883115994762374,0.736617890649336,1,1
"17721431-150a-4fee-bfbe-b20a969f67a7","CMS2",0.816335954863853,0.560258184009917,0.702501088350165,0.803106724731891,0.001,0.00274761904761905
"17add25f-e442-4c52-b75a-a35b890ed565",NA,0.713533307100049,0.650905689855178,0.65723942715691,0.773976933240096,0.305694305694306,0.362933362933363
"17d28300-aacf-4723-b21a-87c1fea5d6d1","CMS4",0.778600259375885,0.63986563445196,0.683548646151157,0.558173122171602,0.001,0.00274761904761905
"18454d33-79e9-4bbb-a606-00c267fd9407","CMS4",0.602802731038412,0.721297568076827,0.614973049492137,0.435256821133134,0.001,0.00274761904761905
"184cc3d2-1c43-4584-9fef-059c8395779a","CMS4",0.599066039932971,0.749022055640589,0.724064303409521,0.434402059040077,0.001,0.00274761904761905
"18fe6d09-5377-4c7e-a360-ca65b575444c","CMS4",0.7574944857837,0.660447883973962,0.640743193804515,0.566323455239716,0.001,0.00274761904761905
"19828bf2-51d5-4cb2-9193-360427a38ae9","CMS2",0.783545166829201,0.57567333162927,0.782430648119706,0.700667077326083,0.001998001998002,0.0049478418577131
"1a37238a-6b18-4585-bde9-c641043328b1","CMS4",0.695341916335714,0.73842530924873,0.744029375623597,0.404658013899659,0.001,0.00274761904761905
"1a59a96b-12b7-4e9a-9e32-b01a7e48c01e","CMS4",0.669384507942705,0.613492635055224,0.754928208527833,0.590053709823743,0.00799200799200799,0.0155265609811064
"1ab15a98-a3ed-497c-9252-a6589dec4260",NA,0.688147637959988,0.701487203877319,0.619019301622724,0.642418672132199,0.036963036963037,0.0562735417616684
"1b1f27c1-950f-49a9-95b9-5104d433ad3e","CMS2",0.711097827606029,0.609381584298569,0.702630930672764,0.748839605375229,0.022977022977023,0.0384282384282384
"1b94d854-680a-4ed8-8892-99cdcf3f794f",NA,0.737172028939324,0.77525165729129,0.628303249293357,0.783409640874545,0.0539460539460539,0.077046715660577
"1bd9d725-c5b5-46cf-b3c7-8a36bf0b2bcf","CMS2",0.802040077346829,0.590350945610222,0.736055016419411,0.834989307061741,0.010989010989011,0.0203879721564609
"1c48056a-d2b8-4365-b750-485b9e9a7b6c","CMS3",0.762786334778048,0.710156877046212,0.515321050781918,0.757611403015491,0.001,0.00274761904761905
"1cb8f903-423c-47ff-ba6c-b3838a75cd22","CMS4",0.578181455872891,0.610478934917485,0.64961171059722,0.537157442797919,0.001,0.00274761904761905
"1cdc3d1e-a447-4a23-a649-d1678f1cae0d","CMS3",0.734258382416358,0.701159649209805,0.631774011180729,0.763373060148439,0.027972027972028,0.0450834082118998
"1dba29d2-d9fc-41e2-8bbb-74e5573775b0","CMS4",0.583085033912769,0.656659663723067,0.59668043626979,0.564893554595031,0.001,0.00274761904761905
"1e2f186f-1569-4874-8051-d0e956878d4c","CMS3",0.687969480956741,0.727505177637479,0.611664219525527,0.826911190900444,0.017982017982018,0.030879834451263
"1f117018-33ca-4b04-89cc-e5594656a4ba","CMS3",0.805766567334495,0.682819844470036,0.611070617854145,0.827288199209779,0.011988011988012,0.0219589933875648
"1f78d18b-ca75-4ab4-9b5e-dc1a0da9d6d3","CMS4",0.540933541951109,0.636861060484683,0.633088549255864,0.530953089682179,0.001,0.00274761904761905
"1ff59114-826b-4f37-99dd-894ae30d4e93","CMS3",0.74246001412778,0.792507702765808,0.593316781332084,0.695003105215122,0.003996003996004,0.00900661838161838
"2063302d-2b9d-4550-8426-fb64f5ea89d1","CMS3",0.760690638294331,0.695346064008012,0.579925497659151,0.849779202041156,0.001998001998002,0.0049478418577131
"21a0b137-e939-4866-aa76-90baecea1826","CMS2",0.771680609737904,0.605017709576684,0.672831048960674,0.775733252416444,0.026973026973027,0.043964510066205
"21b76e1c-1129-4c97-8c87-a7fc5d251e5f",NA,0.762303268676483,0.73860558489815,0.771972621648268,0.819491276131744,0.998001998001998,1
"2213ea96-985f-46e9-8f5b-b26f2cc0df71","CMS4",0.611677682785866,0.775524110073712,0.763709207730053,0.515341207412524,0.001,0.00274761904761905
"225e2e30-c886-4eea-9b32-71c509ea5e4e",NA,0.855335214569774,0.698208843145671,0.713667745777016,0.846907256940929,0.628371628371628,0.698594276628959
"228b425f-ddc8-46e4-b246-41f4389b7a97","CMS4",0.727754240942988,0.649381304205003,0.73871197001711,0.621839291406974,0.014985014985015,0.0264414484597971
"22f8c89b-05a1-4498-bfce-02c23da31894","CMS4",0.613805388288468,0.774287255424516,0.694792156398189,0.605265731660834,0.00699300699300699,0.014257826978675
"2315807c-35c4-422a-bf00-91b366d53113",NA,0.635444656512561,0.745889370645899,0.646847216155535,0.620301631719515,0.042957042957043,0.0633918511156363
"23d33ac1-a9db-463b-9f86-06603e02f357","CMS1",0.554720277218746,0.814538678864581,0.778550088823779,0.755819260358984,0.001,0.00274761904761905
"23d865c5-28e5-4e97-b812-12d792c8742a","CMS4",0.722307299896045,0.650949870676789,0.697667357552357,0.432346127285125,0.001,0.00274761904761905
"23facdbd-4c59-463c-960b-1383f5b16fcb","CMS4",0.644916910236902,0.705016074075384,0.67849593679818,0.543436235520331,0.001,0.00274761904761905
"245c9ca4-50f5-4855-8a44-5bde3f482b8b","CMS4",0.573853869618782,0.722979189826824,0.712172881410113,0.443369659599535,0.001,0.00274761904761905
"24678a85-dba7-4e0f-8ba8-feeb0652681c","CMS2",0.697573080653171,0.610660769442645,0.727488542942963,0.702010549222565,0.00699300699300699,0.014257826978675
"24eadb72-4bbd-4145-857b-fe9da0ce5aa4",NA,0.668784997513996,0.705477428839046,0.783919920957298,0.694324696543737,0.414585414585415,0.482289887531823
"24fb2b4e-bc69-4b86-8572-7d4705dd7c36","CMS1",0.598813725335963,0.817404705697986,0.700273174221083,0.786278490350947,0.00799200799200799,0.0155265609811064
"2557fd6d-a74a-4799-ae85-401817862b05",NA,0.733169470570139,0.698058715355171,0.777709190269773,0.652513566878597,0.233766233766234,0.285769315430332
"2577d221-4cc4-48b7-b4e3-70a07f547213",NA,0.680132125180837,0.788650855621555,0.723625209203758,0.760052804519888,0.893106893106893,0.942190536735991
"25c967af-093f-4668-a60a-d852c22c1bce",NA,0.851384559420071,0.650626916512348,0.721289910089512,0.790835275620676,0.258741258741259,0.313642240112828
"269994d7-f26d-4b93-9647-e12c3f1808e5","CMS3",0.643422125817302,0.72750097380712,0.605290608368097,0.764086198051682,0.00899100899100899,0.0171214923690171
"270115e4-3da5-45e5-abff-34fba5a75792","CMS2",0.79182660654234,0.597482361015688,0.703085448187038,0.830035071275187,0.00999000999000999,0.0187150511825836
"270db4e2-6cbe-4a81-a6f7-98fccae2e16c",NA,0.641867314238792,0.811178650595725,0.767450192253987,0.632234443691075,0.0899100899100899,0.118714237707373
"27404c59-9a94-4c61-ac2e-12bc30e12b4a","CMS2",0.846574487662324,0.602374078630038,0.750829755732976,0.763465842459902,0.013986013986014,0.0249843036220745
"286a49e7-8f49-4f1e-8d08-fad8337d707f","CMS1",0.511443431538693,0.824227910492146,0.72290578446597,0.687260074209034,0.001,0.00274761904761905
"290b9234-0d19-4a74-971e-73dad79f7e9a","CMS3",0.789597813942502,0.769910632660067,0.574791853952326,0.870414366353734,0.001998001998002,0.0049478418577131
"2a9575e3-6fd5-46be-a101-3bbb3ba391e4","CMS1",0.567286891329579,0.814730975331565,0.742565113336582,0.855027362906447,0.001,0.00274761904761905
"2ac8fc00-0df3-4b16-88f0-72a4f373a5f9","CMS1",0.470248804725731,0.818626303388864,0.738920401039878,0.635465530536617,0.001,0.00274761904761905
"2c15e60c-1190-4bcd-88df-d0707d737a17","CMS1",0.497713269293035,0.792353511932318,0.66884857824569,0.809876576323445,0.001,0.00274761904761905
"2c1b791c-1a1a-4b76-a819-6132bbdd3ed8","CMS1",0.632125690420263,0.750207402462847,0.744211247410397,0.682733108599456,0.027972027972028,0.0450834082118998
"2c73d8ac-84b9-4094-9f5e-fbd6c2e8eabf","CMS2",0.821748415048076,0.547411073035571,0.732154314721886,0.76878017007791,0.001,0.00274761904761905
"2cc2ce34-34fe-4d27-9b37-d5023ea14053","CMS1",0.590151090260005,0.838552773925271,0.772527343285219,0.780035183226764,0.001998001998002,0.0049478418577131
"2d7e6bc2-b313-41a4-9c5e-3e05d3be0f1f","CMS4",0.717785443901357,0.617890418819522,0.788984870136475,0.518692640108552,0.001,0.00274761904761905
"2d8aabfb-62cf-4113-8baf-948d1cdc8712","CMS4",0.682567332810335,0.767518886083265,0.606807546791547,0.604059902210928,0.012987012987013,0.0234172077922078
"2de49665-f00e-46f9-899b-95f4eb08c0cc",NA,0.804077690607777,0.72768515331141,0.723120774940768,0.893575000099315,0.984015984015984,1
"2dea7278-7221-43e6-bf22-713777beb618","CMS3",0.712365567887208,0.705467702125957,0.599605904574753,0.882488392241832,0.00899100899100899,0.0171214923690171
"2df88806-fbf2-4111-94b6-6f07901c5c94","CMS2",0.812100204913919,0.62387312942911,0.740391582429473,0.731192106914507,0.02997002997003,0.0479022362678872
"2e416248-8a8d-4d0b-b9d4-71d8c2d0ce07","CMS4",0.623181309542442,0.679358564394319,0.635445819515432,0.508495555211874,0.001,0.00274761904761905
"2f5d9fd6-ed20-4f84-b5cb-ac9c5be88256","CMS2",0.757039570172158,0.614709263412453,0.732199915776934,0.768976823337986,0.014985014985015,0.0264414484597971
"30bd820a-3a52-472d-bd9f-dc8818e482f9",NA,0.666462236822066,0.678966537375305,0.696562591885563,0.730818490071151,0.464535464535465,0.533938173380405
"30fd31d5-d8c2-4038-8cbe-e1c986621fd6","CMS1",0.521425747940303,0.845621144813227,0.677482649816451,0.713420602606371,0.001,0.00274761904761905
"31951036-bbb7-4f77-bce9-358a0ecd65ef","CMS2",0.806515176708824,0.548202491445256,0.749778565885798,0.62774322363721,0.001,0.00274761904761905
"31d7af50-fbc7-405b-9c0b-d7063d076d43","CMS1",0.549209499401759,0.707932402856889,0.56335572823407,0.582398895387904,0.001,0.00274761904761905
"323195bc-0cd4-4776-98ee-4df40163e914",NA,0.785349662733439,0.714759409074864,0.735627594370056,0.787218276541155,0.982017982017982,1
"32b62e42-3d6f-4315-aca9-b3718cd9f5b3",NA,0.776790842441337,0.621535680091272,0.788464693399329,0.622902375368665,0.036963036963037,0.0562735417616684
"32bf31af-9a05-4cc0-811c-b316991fd03f","CMS4",0.694822977864675,0.741786582743305,0.814500569095645,0.58489349355115,0.001998001998002,0.0049478418577131
"33b4cb11-fada-4d2b-b7ce-61077f94f0e9","CMS3",0.858927358847523,0.639665844183696,0.626961716691893,0.670188163196032,0.010989010989011,0.0203879721564609
"34111a2c-5b27-427e-890e-349b9974343c",NA,0.782240141410215,0.630682267331976,0.788018223749505,0.738465424115415,0.037962037962038,0.0571908509245324
"3455127d-0c83-4a52-ae3f-750717615d4d","CMS4",0.694120224214939,0.699768035647711,0.718146559209298,0.559413085767623,0.001,0.00274761904761905
"3456d4a1-bb29-4559-8c4e-c9b0e512fae3","CMS1",0.488432638797779,0.756920212824585,0.691263482234001,0.630552415274253,0.001,0.00274761904761905
"3530cc00-2ddb-42ad-98b7-997310495567","CMS1",0.589134344166876,0.766582531650172,0.659115648906669,0.685610361475132,0.002997002997003,0.00700109606992198
"35c3dc03-a8cc-46e1-b5f6-4106ff5875f6","CMS3",0.739363593809513,0.692659660993025,0.60834739466794,0.660211680927854,0.00599400599400599,0.0127152259505201
"363e9f25-63d0-4b66-bf5e-f2dc1f92b10f","CMS2",0.797526537165846,0.616403060483448,0.751752030220948,0.804208161151773,0.01998001998002,0.0339072692013868
"36d1d765-ba71-4c4e-9e87-748a209d4d1f",NA,0.620678130468401,0.810595030331302,0.66969638247069,0.789351078269435,0.042957042957043,0.0633918511156363
"3761f40c-f3ec-4719-acae-4404d8f9d1db","CMS3",0.643328796821128,0.69372652245777,0.600295095563172,0.770152751341273,0.011988011988012,0.0219589933875648
"377fd22f-52c4-4918-a5ae-5fa7d22db4d9",NA,0.686740957058013,0.792954606683261,0.713814852717171,0.744508138038336,0.863136863136863,0.918874483450129
"3836f766-08fc-4496-8470-3f9e51b14b3c","CMS3",0.597098353495783,0.731560717508736,0.556057189064472,0.786067766197896,0.001,0.00274761904761905
"38e10d96-15c3-43a3-a6d7-872a37ad80ef",NA,0.796877962774029,0.709369200782893,0.671428863265135,0.849063684821975,0.391608391608392,0.457404943234903
"39ae58b5-3623-4b68-b615-c4ba9e0996af",NA,0.750144950667013,0.738217431152881,0.620304360613154,0.861767806697391,0.0559440559440559,0.0795067001963554
"39cc4b89-1b55-4683-b942-f3c11111a052","CMS2",0.743816950198046,0.603510446245004,0.746021281684895,0.688712706710685,0.00799200799200799,0.0155265609811064
"39e09a21-6d1a-4a34-8227-8f30bbd5065b",NA,0.744036120238807,0.647320268696853,0.63816090636874,0.764635160604835,0.0889110889110889,0.117934938624594
"39e3635b-9eda-44d0-96d4-164b8df4759e",NA,0.755808909310625,0.668842387061247,0.631712182287125,0.800068864825572,0.127872127872128,0.164325652076209
"3b8b7b48-4dd6-48c0-b36f-a554b5a2e0a9","CMS2",0.814035753371766,0.567362504025902,0.714478066145982,0.597213261861812,0.001,0.00274761904761905
"3bbac6c7-4c64-48a6-8d2e-9894c430fbfa","CMS3",0.721921961530523,0.646116337987507,0.599875593220801,0.726430851698053,0.002997002997003,0.00700109606992198
"3c00f619-f9c3-4747-88bc-359e9ddec812","CMS3",0.775250824150166,0.63903514931037,0.566238220413655,0.758220293763977,0.001998001998002,0.0049478418577131
"3c18b7f5-f53e-4721-a470-ae4410c0592b",NA,0.796397612885984,0.698802297399699,0.738243991888893,0.871462766900014,0.781218781218781,0.842051605111307
"3d1c16a9-2729-4213-9d60-3fc34b4d9911",NA,0.699227956770716,0.67328432204948,0.747891527244583,0.664105794543529,0.337662337662338,0.399244198424526
"3d4b05f4-cce7-4dcf-a17e-6172cb81febb",NA,0.651873505494975,0.702342747859275,0.745161946748433,0.744571167841115,0.20979020979021,0.257550959678619
"3d6546ee-5ed5-4c74-a62b-f3fb397e66c3","CMS1",0.614388914184606,0.677893767419665,0.621847538464555,0.614806280832293,0.00799200799200799,0.0155265609811064
"3db2ccda-ad2e-4c6d-932d-0df14befb266",NA,0.79275399364054,0.68601938221127,0.796063859805159,0.658125970467449,0.377622377622378,0.441963715797387
"3dc960e0-9cdc-46d2-aba1-d5d02a764ef3",NA,0.707188043154813,0.79282258636023,0.726586858551444,0.739929516924204,0.895104895104895,0.942190536735991
"3e022a8d-d2d4-40e2-8119-e1e027fc5f77","CMS2",0.581600834104846,0.574099635543152,0.688321694584531,0.607759366075863,0.001,0.00274761904761905
"3e23d91a-21d1-49ea-955c-3a83300ecbbe","CMS4",0.616498946778644,0.692669146362339,0.707219825255162,0.382828000357113,0.001,0.00274761904761905
"3e43db02-7668-4a5e-8ffd-7df2ce478ffc",NA,0.770461536644254,0.820218148684926,0.746281309339118,0.704150727467213,0.943056943056943,0.975168200974653
"3f4c314a-57a9-483e-826c-e963a466ae57","CMS2",0.796000181497254,0.525125870718727,0.745949532825301,0.735862520372733,0.001,0.00274761904761905
"3f96e15a-56f8-4546-95c4-f640c6629195",NA,0.745295715190994,0.715593011473632,0.702435765704301,0.857510987707544,0.882117882117882,0.936027275476817
"40bae59e-f9a0-4c79-a146-c3be2d6f900f",NA,0.811570835773062,0.628553557276945,0.668542393495472,0.71987215548923,0.0909090909090909,0.119759236197592
"40fa17c0-c7e8-40df-8375-f1dde93d5e9c","CMS3",0.712962795895958,0.688879890974149,0.612173517181783,0.724508028175376,0.00599400599400599,0.0127152259505201
"411ef195-13d2-4c3a-b8df-b3e6150fe73d","CMS2",0.782212743632005,0.581296165691572,0.721697049007064,0.71787734120157,0.002997002997003,0.00700109606992198
"412ee00f-b292-46e8-b178-aff532e65fcb","CMS3",0.597349247609448,0.652566389262486,0.5912008165308,0.669777806967899,0.00699300699300699,0.014257826978675
"4167d62e-8d12-4cba-9198-157975a8ea25","CMS3",0.718517748500459,0.629634528246436,0.522969615399435,0.753376788368106,0.001,0.00274761904761905
"41a9b39d-c8b3-4b5f-9c1f-952ac04cb441","CMS3",0.734499349313959,0.652092586475809,0.554412826863992,0.826789482817272,0.001,0.00274761904761905
"41bfdd27-c95e-48a1-9ea2-b3b3d9aacc97",NA,0.821759372498921,0.759559568945506,0.670032682009637,0.878837478772596,0.274725274725275,0.330932115900801
"42cd4100-63f7-4b36-a996-f7a6f69e6b57","CMS4",0.618804690102269,0.65570315307758,0.656923022026433,0.398464189592668,0.001,0.00274761904761905
"436c03fc-d558-45a2-8c7c-bbf123f0e415","CMS2",0.727728723300745,0.519550952820897,0.631064500769652,0.752946870172751,0.001,0.00274761904761905
"4506583b-6956-48cd-ad3e-a94e4183bfd1",NA,0.756130092717447,0.790343683955172,0.726907918763338,0.690219733410459,0.898101898101898,0.942190536735991
"456e94a2-2a07-426c-9857-3d71647393a9","CMS4",0.729441838291462,0.683468168301999,0.740916539574738,0.464104082312743,0.001,0.00274761904761905
"457ab960-e685-4103-97e9-4868dbc364a2",NA,0.842952756988329,0.777544194926732,0.82513316630761,0.755250026591565,1,1
"45b0fc1b-6965-4a94-90a3-83033c553edf",NA,0.818827554676971,0.740281565033939,0.65757934160919,0.891251280793665,0.341658341658342,0.403142869400538
"45ba0a79-66ad-4fae-9212-086fc4b5c0be","CMS2",0.807332402095344,0.597847498268772,0.687654677301044,0.840960732145101,0.00999000999000999,0.0187150511825836
"46591224-ceed-4db1-b30c-b8323034639c",NA,0.779133283051839,0.674633428434774,0.810382327791773,0.779815277876124,0.441558441558442,0.509558441558442
"470a6a57-b224-4cb9-99d6-f38b3c52350f","CMS2",0.736009923706918,0.578938886785585,0.72454863424694,0.586992233290418,0.001,0.00274761904761905
"47223194-1d72-4848-aa3b-221c9ffcd8fa",NA,0.8377819913445,0.708607236721906,0.745522650535629,0.847737878487275,0.946053946053946,0.976517221597723
"477b8769-8e6d-408d-a1d6-a57ece08fb9a","CMS3",0.734590953370859,0.712659004455049,0.604311914909714,0.715835649421374,0.00899100899100899,0.0171214923690171
"477bea81-d5be-42d0-9d8f-42aefb4d090e",NA,0.779930762694373,0.611574591568293,0.715791823448869,0.701085890336044,0.046953046953047,0.0684139093230002
"4781cfea-da20-42ff-aefe-2eaa168f9e34","CMS4",0.680626313413653,0.636793307902886,0.685905531285475,0.351870986118103,0.001,0.00274761904761905
"47b63025-209d-4410-96d5-bd60f01a4ad9",NA,0.686547511707192,0.808174137603718,0.776277248717292,0.679971915669218,0.883116883116883,0.936027275476817
"47b78d42-09f6-4191-a62f-8671c69f29a7","CMS4",0.737298897217972,0.587825836566854,0.764233825655562,0.490314397572583,0.001,0.00274761904761905
"48961cf0-8369-4e19-be15-9fabc29008f8",NA,0.741965278658622,0.677191928597049,0.627580893448334,0.826327445643679,0.0679320679320679,0.0933257218971505
"4ac61ffe-124c-44c6-842d-8bcf241b101f",NA,0.827834369337109,0.74001906980826,0.692686429282253,0.905085333417715,0.782217782217782,0.842051605111307
"4b00e884-13b4-49ee-8076-68a576a0b7af",NA,0.680325142237341,0.793104811815279,0.706718088991461,0.665376180838529,0.529470529470529,0.599028422557834
"4ba379c6-bfff-44fc-8c24-ecde87a78249",NA,0.815586200755746,0.728807824159322,0.683088708549521,0.78188765475069,0.598401598401598,0.669142872631245
"4bcd3ba1-02ac-4284-b4bf-cda59f2bc94b",NA,0.645008258450656,0.799792868673675,0.654331511158206,0.631968164174011,0.0819180819180819,0.109667594586388
"4cf322d0-afa6-4109-aa0e-a25e587619f8","CMS3",0.688884145783047,0.681841623672728,0.616823815382971,0.638692612614864,0.013986013986014,0.0249843036220745
"4d237acd-a4fd-4590-900f-7349b435fff3","CMS1",0.537900413963927,0.819914346032945,0.75695774888769,0.628565546630792,0.001,0.00274761904761905
"4d5c8043-1add-495f-b0c9-166f79e89dea","CMS1",0.615943204250132,0.663363049061613,0.666581698900172,0.745646430878694,0.030969030969031,0.048822761937516
"4dbbeaaa-a820-4c1c-a1a9-d16f1c1040e0",NA,0.766352589340499,0.623425625918961,0.764159567659809,0.667370719676868,0.0599400599400599,0.0841494272151206
"4ddb9c57-3120-4ab3-9eaf-644b0e5a64fa","CMS2",0.775498936789376,0.628010850769612,0.706743418235461,0.636068285217271,0.022977022977023,0.0384282384282384
"4ee68361-8f6e-4cbd-abc0-1b0092de2460",NA,0.751296204189486,0.626894735843019,0.768108101872149,0.756363510706985,0.046953046953047,0.0684139093230002
"4f90b784-1d8c-4dca-9302-712127ce6a9f","CMS1",0.582677828581016,0.841652153331213,0.821797063731201,0.771709206807239,0.00799200799200799,0.0155265609811064
"50232bfa-a012-42b1-97aa-2da7d0cb30c2","CMS2",0.764437258822895,0.578774088141344,0.711035112094095,0.634612714821522,0.001,0.00274761904761905
"50df857e-33c7-402e-ae42-6df5c8ea9a34","CMS4",0.689481970970857,0.716956865685349,0.644904512590891,0.566931754372588,0.001,0.00274761904761905
"51827714-d499-41cb-a21c-e0845fb8f444","CMS4",0.656846994976667,0.689738354937028,0.695383248634607,0.424856213540475,0.001,0.00274761904761905
"526975f3-cec3-42d1-aa19-8df2d7f9fb5d","CMS2",0.696666096814121,0.560770764953753,0.666811691066442,0.650207959388029,0.001,0.00274761904761905
"52b7ad50-c77a-440f-b84a-f535884848f4",NA,0.747904944829899,0.644763969112402,0.799589776935505,0.661809615620161,0.172827172827173,0.216315138224032
"52defb9b-4d00-4e24-a4ed-7a2742660ac6","CMS2",0.723156362532549,0.603131614441157,0.708549221393584,0.734438369280225,0.017982017982018,0.030879834451263
"52ff3499-fd89-4efd-a1d5-aa6400af197a","CMS3",0.735328955471645,0.640150183589872,0.614251772246149,0.7810938476656,0.021978021978022,0.036971774581104
"5302caac-c374-4f48-9f94-9613cc7f7a94","CMS2",0.74389496056948,0.592812565532198,0.741507820075145,0.722092825538238,0.003996003996004,0.00900661838161838
"530bff57-a892-435d-94df-ddc7dbd45fb9","CMS3",0.723738059435216,0.688303174541834,0.607595332619911,0.708656756954874,0.00699300699300699,0.014257826978675
"534054c8-b88f-4b5f-b718-f4ca8484b83c","CMS2",0.781491455517113,0.610916085097659,0.615962583416694,0.772837919844995,0.011988011988012,0.0219589933875648
"53494104-fea8-48d7-881e-03c760435509","CMS1",0.532873462121537,0.769258692971873,0.607609281291544,0.778874612170628,0.001,0.00274761904761905
"53ab9977-2dae-4338-abe2-a0fdde405fff",NA,0.786503639455952,0.668086008960071,0.62348465904259,0.6798991335265,0.04995004995005,0.071873263893214
"53b142d5-e3b6-48ba-b8a0-44a385b2e153",NA,0.740321169530192,0.626734413161573,0.719032555468038,0.833561840797701,0.033966033966034,0.0524021433112342
"543d11e8-5149-4843-b904-11c4a0078e54","CMS2",0.815923883778046,0.519019592070326,0.704504842593833,0.687765548925052,0.001,0.00274761904761905
"543dd4ba-033b-49ea-bde6-b14dc8fb2913","CMS2",0.772248352286902,0.521899422866128,0.628844651253194,0.791079466914644,0.001,0.00274761904761905
"54aeec49-699f-4d71-b567-b8a68e216643","CMS4",0.649719675836126,0.662378921044927,0.785452318549482,0.470927191554986,0.001,0.00274761904761905
"54c73151-7796-4392-83ec-c3bc7857533e","CMS3",0.746584713579081,0.595033329019407,0.528205626559524,0.718382405043111,0.001,0.00274761904761905
"54f615f0-aa45-43a1-8ad8-098868fab3c3","CMS1",0.470234212662475,0.804849414139169,0.69549255249964,0.646386345719053,0.001,0.00274761904761905
"550847bc-9dab-4a7e-9e70-8d0fea7a7cad","CMS2",0.834500858856508,0.572841455013748,0.68639843756592,0.827050041140634,0.001998001998002,0.0049478418577131
"56afa170-4280-47db-91c8-f3260e42c756","CMS4",0.794493518128646,0.665985039376325,0.766672013710738,0.545063109016962,0.001,0.00274761904761905
"56b924c9-299d-41a1-b3fb-38586051a26e",NA,0.850065115333213,0.63276923706166,0.791105533223755,0.762510790642628,0.0599400599400599,0.0841494272151206
"56c23214-8903-47cc-8290-e8bd59f24d11","CMS4",0.757551758844794,0.699333340718156,0.754443865400526,0.60820620022169,0.024975024975025,0.0412910871363593
"57824d48-ad20-4ed1-a5d4-e458e9a75b46","CMS4",0.62532149358222,0.604735433994992,0.602571662929761,0.435528185498128,0.001,0.00274761904761905
"57c425f6-9625-407e-93b8-1d03858fd1f6","CMS2",0.749906129531327,0.529844857200979,0.669004432344026,0.552777648544362,0.001,0.00274761904761905
"580959a1-736e-4dde-a794-b6f9dbc7e252",NA,0.686750321166028,0.636410997131753,0.710527196319278,0.708613733701099,0.11988011988012,0.155440065552425
"58da6b71-02b3-44b5-9b20-c3233950abb2",NA,0.769597413397778,0.667845252336861,0.742339210537683,0.702419045064377,0.282717282717283,0.338439568730025
"595f29fe-09ac-444f-a0f2-a9144112794e",NA,0.740503111676101,0.674724995654774,0.730437381416843,0.700468258574966,0.681318681318681,0.750230685345189
"5aa8c49f-b2e7-407a-bfa1-aaff68614f65","CMS1",0.520427464428551,0.784004860830875,0.803397382237913,0.642846444676772,0.001,0.00274761904761905
"5ad58131-d9d3-4ea3-9d04-18cf480e1480",NA,0.62822433036742,0.656194974874325,0.633061492531858,0.718680827304149,0.036963036963037,0.0562735417616684
"5bb2c4a8-62c5-4238-bc2c-c4a34d374dfa","CMS4",0.676821419119696,0.711114269328719,0.714446265949141,0.443246618500822,0.001,0.00274761904761905
"5c5b5e90-ee6b-42ba-9918-246db0be7756",NA,0.846280586494283,0.627384148438913,0.744017220285965,0.800391485502178,0.050949050949051,0.0731283641731403
"5caf8b8c-95c4-4dd6-994b-04bba4b12bae",NA,0.671505986234354,0.735504668434675,0.630042574802671,0.79540152235378,0.0879120879120879,0.116878513191877
"5cef1d55-a86c-4d5d-aa97-f52a7ec31b06","CMS1",0.584213445315789,0.673875223611806,0.756801444092705,0.765079768412642,0.003996003996004,0.00900661838161838
"5d62d7fb-4ba1-4db6-89c6-49e30cc197ce",NA,0.842739061089401,0.75424963890264,0.627600529339056,0.866504423582764,0.0709290709290709,0.0967519478157776
"5d7584ad-5f3f-4481-8767-2ce7cbe36bf6","CMS3",0.649185582706867,0.747980820720867,0.628288673982806,0.816226623295066,0.030969030969031,0.048822761937516
"5daf6c21-bca3-4440-95d1-b4dc239f7911",NA,0.783408988954037,0.690590617300148,0.654683098706682,0.859459988522071,0.195804195804196,0.241925098456148
"5dd4f92e-720f-449d-8ead-d29dd528c402",NA,0.820657036952926,0.719456395636379,0.641664523027804,0.891240222626593,0.131868131868132,0.169084249084249
"5ddc718b-423a-4837-b159-35d9e90c4957",NA,0.714347217163291,0.731334125014077,0.732840761619444,0.663512210590697,0.207792207792208,0.25564201257165
"5df60bd2-914b-45bb-98eb-d3a188972e84","CMS2",0.679822617825362,0.558705678753406,0.719841231765565,0.59894302852511,0.001998001998002,0.0049478418577131
"5e55a9e0-4235-48eb-8f74-0c1cdeeaf4d5","CMS2",0.832078946732447,0.612032003169066,0.75448588323123,0.747387416896707,0.016983016983017,0.0295156650578337
"5e7e2b3e-93f5-4a3f-b1d2-f9e0f58ef87f","CMS4",0.674164913358213,0.766143105075738,0.688196637833971,0.502868916445613,0.001,0.00274761904761905
"5eb29c68-1645-45ab-8c15-4d09285f4c9e",NA,0.817549971234232,0.736223797372721,0.673431831569684,0.75328414814168,0.465534465534466,0.534022637402359
"5f4a46f3-0fbe-4521-ab43-20bcb15793f1","CMS4",0.718036630407632,0.701376375676088,0.622638070588833,0.57528231920525,0.002997002997003,0.00700109606992198
"60ef8c92-dcad-401e-b92e-09a51eb305f2","CMS4",0.544429381096435,0.783636500909253,0.707068945394954,0.488605679386804,0.001,0.00274761904761905
"6100538b-9b33-4bfd-b12b-e8de0cbe3b4e",NA,0.723576122998748,0.625771478131411,0.779619329830474,0.782681426502517,0.042957042957043,0.0633918511156363
"61fdee26-e30a-4f49-a7f0-d5ceb7c28fd0",NA,0.817845655205567,0.681743589299892,0.798233143153275,0.857067073881385,0.757242757242757,0.822841941486009
"621fa7dd-6650-41b3-92bf-196bc67b43b7",NA,0.666582217908681,0.853518445415213,0.648299811057634,0.865959293606394,0.238761238761239,0.290032073189968
"62884f50-b796-4894-b76e-4b8df0985ec6","CMS3",0.674993172272307,0.689421687370731,0.606608823750472,0.697335939380509,0.003996003996004,0.00900661838161838
"62f7b30e-9b6b-477c-97e4-808d434f6232",NA,0.758095918033822,0.707670202354908,0.727582976276569,0.818625659423166,0.894105894105894,0.942190536735991
"64266f7c-cdd4-4718-bdd4-014ed664822b","CMS3",0.598042418308921,0.839130995217028,0.583824849804026,0.771177727208945,0.001998001998002,0.0049478418577131
"647ec81e-775b-42ad-bd83-286dfc4f91dd","CMS2",0.820592646027993,0.572041223514714,0.746028818072107,0.795279027306104,0.001,0.00274761904761905
"6484ba83-32ed-492e-99c9-8f78f7b530e1","CMS3",0.618022418881758,0.721199693723233,0.55456584133174,0.684394592662975,0.001,0.00274761904761905
"64f68454-a9e6-4828-a248-31008e115758","CMS4",0.571796619313964,0.743361267668944,0.738489261998646,0.412818840845418,0.001,0.00274761904761905
"65046b66-0b61-4106-83b0-0b6fa1982850",NA,0.745944259588219,0.631192854363523,0.715000408501396,0.805925148104102,0.037962037962038,0.0571908509245324
"652edda2-5f43-4461-a93b-b6e095c498f5",NA,0.819202905945379,0.64252757602566,0.711341811086489,0.708932344595888,0.162837162837163,0.205146382002277
"65b264eb-820a-49d1-b02f-00d1171b1544","CMS1",0.538053301409363,0.785845899928566,0.625722987626672,0.777825101716078,0.001,0.00274761904761905
"65f0fed3-8b9c-4f73-9fad-78c9f2f5b7d3","CMS2",0.754210119427601,0.618559943451982,0.793101225109821,0.629722517357033,0.003996003996004,0.00900661838161838
"65fac9c4-d88b-4bd2-acc6-6707542bb716","CMS2",0.792469915730802,0.606454369097025,0.683216341281914,0.803020896303769,0.00799200799200799,0.0155265609811064
"66905cb5-6459-48fd-b04c-bc69ac477228","CMS4",0.682535496382539,0.698235172338899,0.75843480421751,0.47898565160623,0.001,0.00274761904761905
"66b73eaa-d174-4086-8286-9db6eeba1990","CMS2",0.772260488361499,0.59494114788556,0.725933014246166,0.775710492215302,0.00599400599400599,0.0127152259505201
"676943d6-aa9b-4576-abb1-eeaf56850b0b","CMS1",0.439643792337334,0.770211749187505,0.658956636793724,0.74892570514112,0.001,0.00274761904761905
"677189b0-10f8-4b5d-b0b9-8b1101c8d1b1","CMS3",0.72443174516004,0.67425053766432,0.589378037595644,0.848219919285547,0.00599400599400599,0.0127152259505201
"6869f997-6119-4a64-9dd8-4fe7266171e9","CMS3",0.74612669492518,0.67622481671542,0.59451223339996,0.742270080086986,0.001998001998002,0.0049478418577131
"68917e07-a850-4ebb-9ae8-9044cccd023c","CMS4",0.761416558177486,0.596622774586462,0.752568801543312,0.540588728623785,0.001,0.00274761904761905
"6934650e-c547-452e-a953-54b7ee4177ec","CMS2",0.811041548493441,0.604735401320683,0.73188555209589,0.849578227840395,0.017982017982018,0.030879834451263
"6973caf9-c302-4f40-b762-31c49a31f9d8",NA,0.670848590065438,0.781447472842606,0.748712609958017,0.861101608810941,0.480519480519481,0.550118532261389
"699928b7-738d-44a8-bbcf-a8e58c34112f",NA,0.614855339185413,0.699882121020526,0.626468892242932,0.811571791395602,0.034965034965035,0.0536564499330457
"69add746-94ce-4b57-bf7a-f80bf10bdc01",NA,0.659091970757731,0.784358001462656,0.762597306634249,0.624380941860044,0.047952047952048,0.0693441896449415
"69ccf4e3-15a5-4e1d-91af-402100e85349","CMS4",0.735409286137639,0.682779842740921,0.676995359395969,0.618970691272699,0.023976023976024,0.0399831382490342
"6a163284-fd51-4538-b966-fd9d5b7c9202","CMS1",0.593816675691239,0.801172976362511,0.740765676619097,0.764021385368265,0.002997002997003,0.00700109606992198
"6a230b11-afe5-4167-8b99-5db0781a362b","CMS4",0.633848395666088,0.726224164605194,0.605432502784921,0.516669058688851,0.001,0.00274761904761905
"6a553a08-4a07-412d-bcb9-58eb1d90188f","CMS3",0.62630740381706,0.720362860765144,0.524447008680909,0.589542633034627,0.001,0.00274761904761905
"6a5a5dfc-a905-4613-9c63-01282fe81b81",NA,0.739876521605186,0.679417493160447,0.752129977278584,0.737540411561485,0.573426573426573,0.64246045216919
"6a8837ae-657f-4892-bbfd-758161967afc","CMS4",0.72958326066905,0.717512528877987,0.783698635244116,0.595428077125778,0.00699300699300699,0.014257826978675
"6b113154-5a0d-445a-8c5f-dc36d102ef12","CMS3",0.703504103898427,0.683650443147609,0.566510857722408,0.697183276979679,0.001,0.00274761904761905
"6bf81928-1d79-4e7f-90e2-2ce92d23a889","CMS4",0.560639734570599,0.767785936583776,0.78495685802538,0.476895957169836,0.001,0.00274761904761905
"6c26af65-bb77-411b-9d85-308b109764f9","CMS2",0.74720091473586,0.601969568989607,0.707880223332228,0.744319081413567,0.027972027972028,0.0450834082118998
"6c49d9d6-05ca-4f54-a2a9-332bc90f9641",NA,0.718844857799979,0.610615878239015,0.669149302958376,0.686615679152323,0.040959040959041,0.0609107387457903
"6ce84281-aa29-467d-94d1-c31fc43698cb","CMS2",0.856393227779314,0.629753454392343,0.724057380344672,0.816826006855174,0.00799200799200799,0.0155265609811064
"6cf80607-4f94-497e-90f1-767d17e1564c","CMS4",0.794850714856198,0.642380340501313,0.649065624860163,0.613166313897807,0.00799200799200799,0.0155265609811064
"6db2cdc8-d6e2-4cb1-a9f5-ec9b2e13d0cb","CMS4",0.623162595645867,0.623651979927116,0.660290851951489,0.584079273270373,0.001,0.00274761904761905
"6e0857d0-5a52-4d0a-9d4b-af9d2e5c4e77","CMS1",0.485013721642055,0.835099552250478,0.792689659790572,0.717113804916391,0.001,0.00274761904761905
"6e5674d0-9fae-4eff-9a46-ba1143f3dcf4","CMS4",0.753478264224503,0.598210870271612,0.756648658513727,0.539569575716791,0.001,0.00274761904761905
"6e78bd1a-22cf-4f01-b4ce-3a624ebd4747",NA,0.628838161912997,0.843081814695376,0.786092195684812,0.689726220084569,0.120879120879121,0.156383974769625
"6eb94cf0-fb12-4ecc-bf89-ff4c93e1c48e",NA,0.684511416847311,0.815396328685356,0.678236522990049,0.779712859110532,0.828171828171828,0.886558710306391
"6ec0647a-6f73-4c22-bed9-b65c2c4678da","CMS2",0.721749901064919,0.542015239948727,0.665821553448656,0.748663007455217,0.001,0.00274761904761905
"6ecac4ca-88bc-421a-bdb6-ed0868b03e6c",NA,0.817748756259993,0.649277877806856,0.74939686249997,0.793688894514433,0.115884115884116,0.150597150597151
"6ee3efe2-1932-400e-8bc7-15362eb89136","CMS2",0.810562812799346,0.6081737389685,0.739736545619878,0.738205984597207,0.00799200799200799,0.0155265609811064
"6ef993a5-88b4-4c3f-90ef-18a19771bf7d",NA,0.747164330443371,0.677540284052059,0.726462327478047,0.707766247412331,0.483516483516484,0.552453487106952
"700b39f7-7588-4e44-b42d-8223d06b53aa","CMS4",0.608368675375172,0.757395971556603,0.691174264024648,0.432077461736116,0.001,0.00274761904761905
"7079a45a-d00b-44f3-9b0d-8c686180966b","CMS2",0.723307591303774,0.548005784679201,0.654995590118199,0.688199723405842,0.001998001998002,0.0049478418577131
"70eac580-5b5d-4ce0-8630-085e2e2c6b23","CMS4",0.700986269411821,0.679073158474174,0.758243700809062,0.516728768710274,0.001,0.00274761904761905
"720ff723-a1db-483d-9b73-01e15068351f","CMS4",0.651956946021154,0.699783371906663,0.714937710367363,0.381663613082824,0.001,0.00274761904761905
"721e02f7-d37e-430b-bd34-258b9c5442ef","CMS2",0.787385202821337,0.585380183158944,0.747681929578422,0.681004156498764,0.001998001998002,0.0049478418577131
"72579862-a9da-4565-a077-269af17f9249",NA,0.757335458065417,0.683061847642587,0.742899789142277,0.639895507719779,0.0569430569430569,0.0807276261821716
"7284b6cc-f8bd-4e96-8638-90310fa5b8b8",NA,0.775864867468572,0.626735164362827,0.6504616602966,0.865652118088409,0.0799200799200799,0.107491576023045
"72af5127-c87e-46e8-a031-0854773bddaa","CMS3",0.71739325293172,0.693635699941773,0.61033886242723,0.850403660734507,0.024975024975025,0.0412910871363593
"7321ea01-8e94-4dfe-b4b6-ab48a3a880f4","CMS2",0.744313836522578,0.556409635867042,0.621521794092401,0.77467978258433,0.001,0.00274761904761905
"7389dfaa-fa36-431f-a3b9-960b4fb9d836","CMS4",0.73795819835737,0.675776043066401,0.809635903593213,0.590161784732268,0.00599400599400599,0.0127152259505201
"73ba2db0-55f1-41ef-a9c3-e480caab4edd","CMS2",0.652396902923898,0.565430349555573,0.590405840566362,0.685952138049666,0.001,0.00274761904761905
"73c33abd-7906-474e-a086-2adf78c9b7a8","CMS4",0.763690692393319,0.673413077775435,0.686982784118574,0.626487135065086,0.01998001998002,0.0339072692013868
"74bac7fb-444d-480c-8a92-8dc427206c2c","CMS1",0.50417827211739,0.781897511929298,0.710157019427671,0.678787831493578,0.001,0.00274761904761905
"74d0fe4a-e123-4c5d-b00e-9f177c64294d","CMS4",0.685680572140905,0.671541000259476,0.718540869128529,0.43710551468328,0.001,0.00274761904761905
"74eabb02-90e8-4fa9-a6c6-ef82e8514e25",NA,0.657948011524178,0.679920661850724,0.741428543347036,0.721899034642621,0.267732267732268,0.323860625747418
"74fdc082-daf5-4254-99a4-56974d59e457",NA,0.657216037502033,0.679828755449826,0.628766138163144,0.849563856747922,0.0679320679320679,0.0933257218971505
"756b1010-09e1-425f-8682-f9f8144b3c4c",NA,0.685056503098781,0.699889965554219,0.634092750934639,0.761140763600441,0.0679320679320679,0.0933257218971505
"758569a2-8da1-436c-96dc-a806f797e510","CMS1",0.538866396758515,0.823979746983614,0.758716979567631,0.644571159886557,0.001,0.00274761904761905
"75ad2c12-90b9-4e30-8c75-4e89704daf46",NA,0.701989098487745,0.757022531057586,0.640782036863906,0.775553884333193,0.106893106893107,0.139226462025559
"75b92663-674e-45ea-9ff8-cf3ce33f8839","CMS1",0.600114803987529,0.818904684463211,0.768376214254029,0.692176336603957,0.002997002997003,0.00700109606992198
"75e037bd-db2c-4b8c-ae76-aed6ecbe380c","CMS4",0.712321013150785,0.711412066222051,0.619606223026069,0.4077502352529,0.001,0.00274761904761905
"7653fe28-b91f-4fa5-9c34-8b8c3030faeb","CMS2",0.839094479251074,0.56495578140987,0.736122045206351,0.731920800931876,0.001,0.00274761904761905
"7672438d-3825-4b67-90fa-68364b42360c",NA,0.63480515625201,0.709833872558349,0.694755607058755,0.780897536169061,0.161838161838162,0.204333959257373
"76d995c8-101e-4868-bb25-cf21a01f8642",NA,0.701549216782345,0.712969164920445,0.766471384638173,0.73545395031703,0.714285714285714,0.782054757386826
"77528506-9698-483e-b019-d8b005aa3326",NA,0.813908230271587,0.692061474525583,0.763470027292128,0.840620966568944,0.775224775224775,0.839808131942963
"78995174-28fa-4661-ad02-3e5bbaeac2c2","CMS2",0.80794633161603,0.592165845233675,0.738520234325215,0.779601230718086,0.003996003996004,0.00900661838161838
"791f56f1-2e3c-42a1-bead-fe38e9000eae","CMS4",0.669531071567995,0.628298654659898,0.660794067118349,0.452375778598849,0.001,0.00274761904761905
"7b6985b9-fa94-42c7-9590-48ad6e2e7114","CMS1",0.469323068320363,0.770229205185724,0.639655103417145,0.694535913415836,0.001,0.00274761904761905
"7c5659b4-8603-4c75-81c8-1d479f8d762e",NA,0.802162786293698,0.652710941471965,0.77166750956363,0.815346334917853,0.174825174825175,0.218342263796809
"7cba9b28-fd44-4211-b772-e3f1649f21b6","CMS3",0.680912558694047,0.707952902760719,0.538167304137308,0.779982501182674,0.001,0.00274761904761905
"7ddaddba-2af8-4679-b3b5-9901babe0057","CMS4",0.696083863372163,0.555958240915836,0.719347048986771,0.46217770208112,0.001,0.00274761904761905
"7f04a807-65ac-4a97-a367-363334a28170","CMS2",0.835517711443438,0.623948693649968,0.781850740953555,0.739314223080656,0.030969030969031,0.048822761937516
"7f1068d7-4a53-4fcf-95b4-8abf5e6f5692","CMS1",0.555332306044311,0.757046143048254,0.630717565734384,0.819791247777785,0.001,0.00274761904761905
"7fa5c283-ed46-4ac7-afc0-5d609d5bfa5a","CMS4",0.775924221976183,0.664461735435063,0.781596955414059,0.522748941472419,0.001,0.00274761904761905
"7ff69d62-5ae1-4e06-9b38-6f416466ec70",NA,0.767686363985131,0.728119235897207,0.740602980864223,0.862581420409749,0.998001998001998,1
"806a4d03-fc17-4f66-9a1f-712b56695fff",NA,0.652739267962251,0.734623956021881,0.640149583060086,0.645494852866904,0.124875124875125,0.161192275286235
"80d0adea-d970-4f97-ac83-122084c727a7",NA,0.821842248391453,0.635892987590634,0.730314319740679,0.797898401644679,0.0599400599400599,0.0841494272151206
"80f240dd-0e19-47f3-a454-60bf0f1e0d71",NA,0.768824425246967,0.639272419075777,0.630413988010789,0.811700224548165,0.0899100899100899,0.118714237707373
"80ffc91d-2e74-4921-9ac1-a7c94482b90e","CMS2",0.824587090837714,0.562828356022708,0.768864262942441,0.776956339335224,0.001,0.00274761904761905
"815fe2c4-9815-416b-b44f-9cd48c6aba89",NA,0.663107074629772,0.701073750209506,0.626305352033669,0.675843082715749,0.0579420579420579,0.0819425672366849
"8165c64e-bff2-41f1-9ab7-a90beb4430de","CMS2",0.720372910992542,0.493340504092449,0.75526429745703,0.700590698239417,0.001,0.00274761904761905
"822091c7-86c2-4315-b6bb-d022149296d5","CMS4",0.671533009679526,0.649438346730048,0.673155044820867,0.503096611615495,0.001,0.00274761904761905
"824e0db3-9c7a-4cc7-ae84-6319a4e53e86","CMS1",0.520427945571474,0.78715050800901,0.686610390382494,0.798257133534347,0.001,0.00274761904761905
"82aa9226-61c4-4cd7-9138-5199e7c85e6a",NA,0.815153589898612,0.627674413674131,0.785875393194433,0.824869011759482,0.0699300699300699,0.0956152851887449
"82ab3359-565c-4360-ac4c-b02a7aec600e",NA,0.875361634329587,0.731955023993905,0.808798725328745,0.7634956284344,0.986013986013986,1
"831c4d7d-ade6-4bc7-b03a-011a16b42f47",NA,0.755494986620325,0.655753531469739,0.632643661295057,0.87050755953365,0.044955044955045,0.066171073824135
"835d2360-3e00-4c3c-9d01-039a2915bd4c","CMS4",0.578484449124854,0.698651541565499,0.55374340288085,0.542105918126907,0.001,0.00274761904761905
"853c7e88-d3c4-4074-aa85-17f63b3626c3",NA,0.634633404919121,0.873152056931162,0.791797230394172,0.740216189052133,0.03996003996004,0.0597330131008888
"85576648-5d5e-4044-b249-d7aac6bffc6c","CMS2",0.739897708640134,0.566192644809978,0.710080418339458,0.744734165157751,0.001,0.00274761904761905
"858726eb-4770-4a63-ab51-39aa93b449f6","CMS3",0.626680010039418,0.748556909505047,0.59093969320523,0.773062550589227,0.00799200799200799,0.0155265609811064
"85adb9cd-3a7f-452c-8804-8e0a0fc499a1","CMS2",0.761359011982081,0.501047419886779,0.689201917541579,0.708122415961215,0.001,0.00274761904761905
"85cbb7cc-5a2d-4e31-96be-88d538bac0d6","CMS1",0.530181860630508,0.745329243235557,0.775212669534295,0.613045322564269,0.001,0.00274761904761905
"867e6219-2843-4f2e-a5f7-e99b5bb5d7cb","CMS3",0.767085675811363,0.809562407613408,0.579199676376714,0.713771415420421,0.001998001998002,0.0049478418577131
"87150078-8a96-4999-ab9c-412008ef5259","CMS3",0.755227594059686,0.78671624209587,0.630028820406778,0.719852035565157,0.030969030969031,0.048822761937516
"8787e4fd-785e-43db-981e-727a76723b14",NA,0.736489987319635,0.723227777174236,0.707425064868342,0.800538635127142,0.884115884115884,0.936027275476817
"87a262f1-f67f-4c26-ad37-9f8b7b72fc97","CMS2",0.766482372053234,0.547160039189332,0.635883056253345,0.755534839016824,0.001,0.00274761904761905
"8820d985-4eaf-4915-b2ca-125e027626aa","CMS1",0.55496642511911,0.821094029392234,0.638200364221492,0.728857406723587,0.001,0.00274761904761905
"88473424-2ecc-4684-af54-42d6fad65ad1",NA,0.70333738544874,0.709894303590961,0.643976144463466,0.718763899896429,0.0699300699300699,0.0956152851887449
"889bc749-1959-4f3d-8d6e-a6b7bf2fecb4","CMS3",0.638140740715845,0.739143203266756,0.596772180603844,0.687395502759998,0.00799200799200799,0.0155265609811064
"89f7aaf8-322b-4659-9c15-f6f29d0e173c",NA,0.79340565155012,0.638008350559814,0.646333867542561,0.715661615680098,0.0549450549450549,0.0782797449464116
"8a9aa8db-f956-4442-9de9-c207109667da","CMS4",0.66678349041994,0.75799671942825,0.686739124365138,0.533045689238483,0.001,0.00274761904761905
"8ac00cf3-69d6-46be-af59-10dd4b521fe0","CMS2",0.714423292940648,0.537155002468665,0.702508615851102,0.71525003246491,0.001,0.00274761904761905
"8b7acbfc-5614-45dc-99b6-bbcb34dfc32f","CMS3",0.641081272155734,0.80327923850665,0.555917100939833,0.808531256077502,0.001,0.00274761904761905
"8c0a35ba-ba01-4e11-892f-b38b31d9c483",NA,0.806542626201535,0.743563869003786,0.825837807798061,0.663027780123666,0.556443556443556,0.6258634153371
"8c19e926-ff17-4187-8d76-27ced1deb81d","CMS3",0.722191903355872,0.662214606672724,0.601695766349535,0.866624480920063,0.031968031968032,0.0499879524269768
"8da5734d-4299-46fb-9311-7d3499dd0510","CMS3",0.744697470940231,0.659228715334511,0.631569474561321,0.804426323317703,0.025974025974026,0.0425767414403778
"8de9cb61-cdb8-47f3-8c83-8ebaac2d0cb4","CMS3",0.689233442271781,0.690221439105,0.61569942969447,0.691913254623944,0.014985014985015,0.0264414484597971
"8e99133d-3ea3-49f1-9bf8-557c4425c5dd",NA,0.765850788540371,0.661490465403836,0.751536813091137,0.632370873131439,0.048951048951049,0.0706118881118881
"8eabb842-d92f-4803-8992-db5b57fbdd51",NA,0.706487641152434,0.699228783531005,0.730644108137569,0.774253869454201,0.902097902097902,0.943998030954553
"8eaead17-aacf-49b0-9f62-30fb80df9df3","CMS3",0.681197800957168,0.699597178776456,0.62675287797397,0.714334709415742,0.028971028971029,0.0464341214341214
"8f274599-5005-414e-8be2-d992fb1a10ce",NA,0.847808108888188,0.713622481321095,0.790003365808424,0.818958346516392,0.951048951048951,0.97992007992008
"8f97852d-f08c-4062-af30-dfbe6ca7eba7","CMS4",0.730462981146258,0.659723030400854,0.663402739870499,0.52903843292564,0.001,0.00274761904761905
"9013a680-e9d6-42b2-bdeb-4e88b7006e4d",NA,0.701903868114834,0.810530146926716,0.73038304008148,0.765627105348149,0.738261738261738,0.804817823685748
"907887ee-f97b-4209-b341-d37e17fd1995","CMS4",0.732238277783277,0.611626342985015,0.659828918036214,0.484757992842222,0.001,0.00274761904761905
"90b8a6ce-af5d-48ec-8d64-6642b0882598",NA,0.83563295715654,0.756146520141718,0.795933018042535,0.713768746485009,0.99000999000999,1
"90f0521e-aad9-41af-b5f4-fbb7a989d545",NA,0.814842192050584,0.663220003758343,0.783682220380832,0.83067720069638,0.237762237762238,0.289427871706353
"91825c6a-b5ff-4082-aaca-cbd88a1f4c7a",NA,0.769652463433724,0.65995434875187,0.731067155333512,0.765964093183345,0.280719280719281,0.336746413669491
"91a95c38-5ab7-4166-b4e7-64454cb3d06c",NA,0.78355315786036,0.672779962943563,0.688578953012766,0.827621301080584,0.531468531468531,0.600112216550573
"91c2ba37-efb9-4c61-a4ca-b13289330058",NA,0.714474903518918,0.697170640126413,0.761021020295624,0.682434467980836,0.486513486513487,0.55477921288198
"9241b482-83dd-4af6-a29b-46df53716352","CMS1",0.501185613147561,0.825951490517962,0.659055341910959,0.710231044398227,0.001,0.00274761904761905
"927f51a6-ad62-43dc-8738-eba784ad8b70","CMS4",0.815215187454543,0.603008618794119,0.7759151902012,0.563979059432146,0.001,0.00274761904761905
"928ab9a3-b688-4003-92eb-57280506fa65","CMS1",0.549782203084833,0.775043157322841,0.721614080382753,0.657266872926903,0.001,0.00274761904761905
"92bf2aa9-61cb-49e0-a941-18db0ac87383","CMS2",0.764366504716793,0.596339244135407,0.672539439608489,0.717930438661955,0.00999000999000999,0.0187150511825836
"9320a7d1-3c17-40a9-b632-defebb42b351","CMS3",0.706059083031463,0.686932184815847,0.578882691767091,0.718909256441766,0.001998001998002,0.0049478418577131
"932c358e-cf12-48eb-a76c-9eda7ab7e220","CMS2",0.821833323052988,0.630333869743056,0.755304143785971,0.700188243476344,0.01998001998002,0.0339072692013868
"932db5dc-d38c-478c-8f8f-13b33282920a","CMS3",0.725482479755504,0.696419840223723,0.596996549302578,0.714285545464589,0.00699300699300699,0.014257826978675
"93ff6084-365a-480f-b181-00f8cda0c12e","CMS2",0.794143749130839,0.607549075828024,0.752864940279019,0.635139444030236,0.00999000999000999,0.0187150511825836
"94c1ac66-a016-44fc-ad90-d74067ade7fa",NA,0.751024547993658,0.629684401830099,0.680207750360482,0.723726602554702,0.0929070929070929,0.122112511634152
"94f29a8c-1dcb-44ff-a96b-e9267ec84347",NA,0.797724485267825,0.618408413230732,0.706572566865597,0.801531097759673,0.046953046953047,0.0684139093230002
"951959ef-f8c3-4d93-b480-1dfac47aa64c","CMS1",0.594587454989084,0.683849170114459,0.623754886301655,0.597667503558618,0.001,0.00274761904761905
"9553502a-98ec-45f8-a597-fc0d0217d2a8","CMS1",0.582640673325524,0.752660620315825,0.759781395164164,0.793202381754033,0.001,0.00274761904761905
"962bc9cc-9173-4fb5-ac07-ae576e7eca76","CMS3",0.759557471574446,0.690160478906099,0.613160874771045,0.761085782701151,0.00599400599400599,0.0127152259505201
"966b89c1-7201-4719-854a-d8a6ef35f9d0","CMS1",0.534798881800005,0.742496143567286,0.733975283961877,0.617690925234921,0.001,0.00274761904761905
"97dbbc5d-67e7-43a0-bc8f-d3425e0f3ce4","CMS4",0.618685144352695,0.676054256328913,0.726830043935265,0.496905574175759,0.001,0.00274761904761905
"97fb41bc-f5a9-4b70-b631-9da9ff44b5fd",NA,0.692988312402554,0.836710153753145,0.796186170428849,0.773021812822824,0.903096903096903,0.943998030954553
"98095f18-a770-4081-a20a-e4be6ad5082e","CMS4",0.680078426954935,0.726371524218295,0.812154948232395,0.582382342937343,0.002997002997003,0.00700109606992198
"982c34fb-e9cb-47b3-841a-850ad949cf41","CMS1",0.44480173974507,0.731673642979237,0.751352468632216,0.571922370445022,0.001,0.00274761904761905
"985d5043-cf68-4f4b-bba1-1aa621ab20c9",NA,0.669598373912843,0.835681388663428,0.73749005495472,0.781867287213157,0.426573426573427,0.493252238743221
"987d0499-b384-49ea-ae28-a76194d85b4a",NA,0.729731607339714,0.65306548992999,0.697586061491505,0.650891007693352,0.144855144855145,0.184506442784588
"98ae0373-d3ad-4918-a25b-8b9ff4c5f12d",NA,0.723852563511269,0.855577384203899,0.679552381173889,0.749420333344348,0.601398601398601,0.671193410071553
"98d93661-14c4-4878-b10d-86c9516bfd24",NA,0.817576017159066,0.672112740197355,0.743404764905081,0.835822203601148,0.57042957042957,0.64034603528767
"99574ba2-7ddc-4626-9480-d23745b14273",NA,0.690298595514269,0.739854966401163,0.735186225809015,0.75487678410754,0.906093906093906,0.94541805391715
"9a6cef0c-1db2-4ec8-9918-b261ce6f5a86","CMS1",0.518112681365509,0.83583002951958,0.767238864088946,0.720223471474821,0.001,0.00274761904761905
"9ade3932-9032-46d6-8171-c34a0dc51fce","CMS1",0.425466443454628,0.759292968618898,0.704518673777929,0.709046245391583,0.001,0.00274761904761905
"9afe56f7-2570-4358-8734-5c94e10e83d1","CMS2",0.726791988377494,0.575295006804885,0.774784712376587,0.580033496941127,0.001,0.00274761904761905
"9b40ac83-028e-42bc-b3d0-bcfec5e9e6fb",NA,0.744891871236432,0.661901917469936,0.645472167480318,0.847794776386643,0.164835164835165,0.207211089564031
"9c1722f7-0125-48c9-9951-71d7729d951a",NA,0.744953462557948,0.719617326957686,0.711003850990034,0.619955769431335,0.040959040959041,0.0609107387457903
"9c40ef24-ff74-4f0b-850a-38de94a90c75","CMS3",0.764331259895222,0.763438795162803,0.594410873539865,0.835731687951037,0.013986013986014,0.0249843036220745
"9c7aace8-8a77-41a5-914a-cc5f9917053b","CMS1",0.536063214766092,0.820522572128672,0.808167939012851,0.646212084263833,0.001,0.00274761904761905
"9ce2bb36-5b1e-4a58-bc5e-dc072b217ba4","CMS4",0.601511510188197,0.648745341032033,0.600485823359407,0.480201208124591,0.001,0.00274761904761905
"9e159c7f-39ac-4051-83db-983d3aeba5a9","CMS1",0.518351868446917,0.698414485725606,0.715602389729638,0.663172142720933,0.001,0.00274761904761905
"9e57a9b2-1a21-4bb8-8852-9a2239d3b688",NA,0.842297424584284,0.69127609173298,0.79080427092721,0.865473540251595,0.786213786213786,0.844777196732504
"9e632342-a45b-4bd1-87d1-0e53a32f4c18","CMS2",0.685598248782172,0.550008892913216,0.648422653616872,0.683687214579503,0.001,0.00274761904761905
"9ee4aa81-4dcb-40f3-ad68-106a05740f9d","CMS4",0.751747626481143,0.682861501105405,0.792273821127797,0.603761719198601,0.002997002997003,0.00700109606992198
"9ef88bb5-07dd-43ce-9bc2-d5fe1167b972",NA,0.721611599333815,0.652103571874612,0.773948510116949,0.739688447037491,0.0869130869130869,0.115817208195961
"9fd15f97-1b2f-4d38-a123-957cd720a776","CMS1",0.600245843788535,0.718220017906134,0.743694972137709,0.760975264343716,0.012987012987013,0.0234172077922078
"a06c89f2-be32-4102-b126-45dcfd364dae","CMS4",0.647984375682005,0.737565717088094,0.639853032806921,0.534032546026339,0.001,0.00274761904761905
"a0e68d0a-51ff-4b2b-a9b6-499f26651bc7",NA,0.830339573764086,0.66020855597168,0.769165272490729,0.845138458991224,0.283716283716284,0.338932289242848
"a0e79791-1fef-4c5b-bbcf-7c12464e1fd4","CMS1",0.559358680722681,0.794976291572602,0.697895308892165,0.708440010291539,0.001,0.00274761904761905
"a11f48e9-775c-420a-99d1-04b1a5bc1419","CMS3",0.757669644255689,0.700435607085518,0.607296959867408,0.751148541379007,0.004995004995005,0.0110004499317476
"a1efa511-8c27-4eae-b3f0-aebacbf7df85","CMS4",0.667328116316105,0.73875793171221,0.731082273572332,0.48839756133559,0.001,0.00274761904761905
"a1fb3d08-f698-442d-94c0-0d1c03f81a64","CMS4",0.680111708132715,0.646478768008269,0.735908775286071,0.465147674406512,0.001,0.00274761904761905
"a2a4b9b5-7d9e-41fa-8d59-6447d62134ea","CMS4",0.608033060042788,0.625934549676273,0.701795396907428,0.537836754790648,0.001,0.00274761904761905
"a31c742c-328b-47a7-bcd4-6958706afe87","CMS2",0.779813185660175,0.589991194337985,0.703719051547662,0.732924425541474,0.003996003996004,0.00900661838161838
"a3205a5c-e22a-4a1d-91eb-48d2d4e51e97",NA,0.617899833148929,0.817279140413898,0.698007801006285,0.666499012860655,0.0659340659340659,0.0914518174133559
"a35a1dfa-f6f1-486d-9e6a-72658918f06f",NA,0.883325267099447,0.640425779770662,0.723246403879448,0.734412414417512,0.105894105894106,0.138237328282577
"a44fa392-54c2-48b0-b342-e3e9e8340a8f","CMS3",0.728997552972937,0.689684150052067,0.514842466877313,0.863275032276267,0.001,0.00274761904761905
"a567f93a-c7c2-40eb-a6fa-c2252f8ac9ab","CMS3",0.711833851145543,0.758091489356107,0.547107448226583,0.805085849736893,0.001,0.00274761904761905
"a570b2ac-a4ea-439f-a90b-39b84fd4cae0","CMS3",0.64202831600109,0.664604417840804,0.514942801353172,0.714654197389265,0.001,0.00274761904761905
"a6307b70-2831-447d-ae24-b0454ef867e9","CMS3",0.735200417987939,0.701147161054498,0.516324854705557,0.692219513956683,0.001,0.00274761904761905
"a64548d5-604d-4c26-81c0-9928eb95b0d0","CMS1",0.442121190046309,0.70939483333933,0.664560801529099,0.599255726164356,0.001,0.00274761904761905
"a666a0f3-e5ed-40b5-b425-5fe0190d30dd",NA,0.618958480896295,0.696305340847353,0.631048511743092,0.786640918242826,0.0649350649350649,0.0902832107651385
"a699ac84-2b1c-4cea-99f2-62d8873b4940","CMS4",0.686078027652679,0.71548704978764,0.645628993896215,0.552099337924625,0.001,0.00274761904761905
"a69dcef1-a951-4b7d-a468-1b46227216cf","CMS2",0.7487042683691,0.561655080202239,0.772570967437075,0.642844107694933,0.001998001998002,0.0049478418577131
"a72776f7-9845-4fb4-9bc0-5d60ccd7fb95","CMS2",0.79683751680115,0.579349137710024,0.649727958139157,0.643582711618676,0.001,0.00274761904761905
"a761bdb6-4b37-46aa-8d37-11ead152b70f","CMS2",0.758940362755128,0.541036344435246,0.729112335942564,0.725351789878098,0.001,0.00274761904761905
"a7629665-cecb-46cd-acc7-a4fecee2ee5c",NA,0.814973704201675,0.748484427273514,0.667415421916119,0.784836627324074,0.423576423576424,0.490770273902804
"a77adf63-487b-476e-bd33-903005c1dba9","CMS3",0.667980958308227,0.758476217589518,0.518441360656455,0.811985170261744,0.001,0.00274761904761905
"a7affc28-aba2-41ab-8f5c-be859ae055dc",NA,0.665551338534078,0.65025690556797,0.741605150882244,0.702617686830608,0.184815184815185,0.229329809974971
"a815f542-7648-4bbb-8598-9c4fe51ecbfc",NA,0.770159318863787,0.641332005765735,0.71954316964477,0.708888008054448,0.0669330669330669,0.0926148192335243
"a8391733-18a4-4720-9912-d060ef58d745","CMS3",0.611932792768288,0.747510998792237,0.605735986148051,0.770635845418822,0.017982017982018,0.030879834451263
"a8f23a47-08cd-4ebd-835b-4ca4b86fe6ff","CMS4",0.760116414217539,0.638042643672104,0.729575826131127,0.606417573172973,0.012987012987013,0.0234172077922078
"a8f98e4a-9a0c-4124-ba75-c8365612a0ee","CMS4",0.649952494712146,0.744652677237344,0.695567474368575,0.506395195712162,0.001,0.00274761904761905
"a906629e-77fa-4444-b275-b7ae6074ecec","CMS4",0.643229735625707,0.672374143759169,0.752061154199364,0.43021362767524,0.001,0.00274761904761905
"a99d57f4-b2d3-4373-883f-1b409e73fd46","CMS1",0.544963904426231,0.821298050352326,0.734737913573944,0.609044426905451,0.001,0.00274761904761905
"aa12b89c-6964-4602-9455-07c2be1f2762","CMS4",0.745239968198165,0.651086653243711,0.78385674339739,0.609025907200241,0.025974025974026,0.0425767414403778
"aa35c5aa-8435-4269-9891-fac36b6e4928","CMS3",0.715875112384015,0.6430939780279,0.588084139246874,0.75823868636344,0.002997002997003,0.00700109606992198
"aa43daad-64f6-4543-b458-a60d4ba7dcf5","CMS2",0.718767435756937,0.575587193175079,0.612635140894072,0.653463022822595,0.004995004995005,0.0110004499317476
"aa518008-3f26-471e-9299-91709a7806ba",NA,0.641142407790237,0.738705362082823,0.693910049804986,0.666411955907782,0.0779220779220779,0.105049156451026
"aa6286a7-a5c2-447c-9919-553649a9c50c",NA,0.788172831516275,0.640613936348649,0.681776466319222,0.858626408818213,0.125874125874126,0.162119130869131
"aac08efd-3649-4b78-bb52-420b3e99b8e6",NA,0.735974259720364,0.652357341205123,0.755781514541871,0.649457805979847,0.138861138861139,0.177263002484241
"ab176f75-6709-457e-af63-d2883ecb9be7",NA,0.663631114659726,0.748454174674277,0.733176089436709,0.751487504049917,0.415584415584416,0.48247929133241
"ab6d59e0-21c2-4273-b094-3596d1b8b825",NA,0.817972904862005,0.650881325168521,0.749269501843065,0.797690177445047,0.196803196803197,0.242639838793685
"ab852bfc-823f-4926-bdf3-ab0c921d76df","CMS4",0.631980213227741,0.716564118479559,0.778106867967964,0.464380029933157,0.001,0.00274761904761905
"ac06b430-d5ba-4f7b-b5ba-efa9cef1b798",NA,0.816174145196722,0.660339218213056,0.721884392657287,0.758708337290016,0.34965034965035,0.41089256975204
"ac157de6-56c4-42e1-adfa-46cb153f0e4e","CMS4",0.737074371503048,0.700924433168708,0.777940160586686,0.608816936270667,0.012987012987013,0.0234172077922078
"ac731d82-8a46-4e68-baba-401977b5ac9f","CMS3",0.766247853747132,0.669994288809271,0.608207332045916,0.775159097129096,0.030969030969031,0.048822761937516
"acb15575-875b-467e-8517-fa1f618e0d05",NA,0.80899597634586,0.635118839503794,0.718511704716459,0.784012009094113,0.147852147852148,0.187496020463053
"ace5e022-7942-4654-9967-bdd2c013dfdf","CMS4",0.726927452053383,0.58920785103498,0.765255512520285,0.577215112627289,0.001,0.00274761904761905
"adb1af0e-75e6-4a9f-924e-c8e05e69085c","CMS3",0.56880293932343,0.755727509633711,0.550884876890712,0.768991589847651,0.001,0.00274761904761905
"adcab898-861a-42f8-aa50-7b111222c019",NA,0.819896778438012,0.625222517074731,0.787716626191436,0.693899696012986,0.0739260739260739,0.100365516836105
"aeeb1ad3-06cd-419e-a1ee-a3fe1c45932f","CMS2",0.747544703136212,0.582845813282567,0.704139762538738,0.651284653397982,0.003996003996004,0.00900661838161838
"afc66963-6f8d-4d99-a008-d44065e1cacf","CMS4",0.723152801067384,0.652912358006776,0.758589338702749,0.509644062477492,0.001,0.00274761904761905
"b03ee962-4866-4e02-bba9-357e1542b3ca","CMS4",0.724672079390873,0.686669597640694,0.630365931702428,0.626514555261022,0.031968031968032,0.0499879524269768
"b0595fa6-6c48-4add-b4b7-69c6425bf780",NA,0.798048084723771,0.643566399894558,0.802167977589259,0.745114285235145,0.17982017982018,0.224095558868777
"b064b6be-4152-4737-8158-caa0454cf41b",NA,0.68178383925049,0.702334840367535,0.70463478462495,0.755348259117852,0.376623376623377,0.441690423397741
"b0cdf7e1-d464-4016-a8f8-b52a2a2a59bd",NA,0.741291118631966,0.62589039542301,0.648271538530355,0.71057154307255,0.0849150849150849,0.113416675916676
"b0f02da2-1d7e-4a4c-844c-6cccbc1d4d3a",NA,0.694893155398052,0.775322543577657,0.703359128433383,0.732637508151414,0.915084915084915,0.953075805061365
"b168cdcd-5516-4d22-a0cf-57a2d7c274ec","CMS1",0.599989058838063,0.761862236283324,0.617842890530228,0.688409186922789,0.01998001998002,0.0339072692013868
"b18dafa7-46e3-45da-ba05-c9941305056e","CMS1",0.58026734102667,0.750960057777906,0.717191174892456,0.766174988909734,0.002997002997003,0.00700109606992198
"b1b311b9-aae9-4f5d-b9df-60acd9f43c0b","CMS4",0.70269369470376,0.65260331017919,0.711261214378255,0.599331620489227,0.011988011988012,0.0219589933875648
"b1fb79bc-84d4-4ad7-8a25-ce3b419311dc",NA,0.748813184895845,0.677113354897954,0.627149860035654,0.899081527197098,0.034965034965035,0.0536564499330457
"b20b4d3f-ad07-4f36-9071-2b2c3a664ae2",NA,0.73885593517795,0.830980242876893,0.878105404047985,0.736990055217398,1,1
"b2c13f06-0588-4d2f-b869-91ea5d80b8fb","CMS2",0.789149337987277,0.612287591283558,0.747241670835723,0.863219595956327,0.010989010989011,0.0203879721564609
"b2edd86b-860a-4420-9be8-a19d0405f6b0",NA,0.841476283901253,0.694275685983814,0.787124308274955,0.796373107608256,0.776223776223776,0.839808131942963
"b315758e-62d1-408b-9510-fc0a4294f7ec","CMS4",0.72094422601249,0.702726786014697,0.638011556171164,0.607505005367298,0.00699300699300699,0.014257826978675
"b33612a7-64eb-4a55-8460-6a562c880c55","CMS2",0.8323598002107,0.592323843932776,0.629975628604034,0.755827962178043,0.002997002997003,0.00700109606992198
"b372b1ae-2345-4243-8bcd-47388289559f",NA,0.659457220389286,0.768749301379835,0.693955373047431,0.70374803679911,0.233766233766234,0.285769315430332
"b37a8647-0491-4116-a43f-be49d201181b",NA,0.666804094862817,0.739648906412951,0.674620030269557,0.753508329666986,0.30969030969031,0.366922605115624
"b397a5bf-171b-4cd2-9dfe-774f24b5f200",NA,0.712032764161327,0.789064920833101,0.744777535696233,0.869491400045448,0.98001998001998,1
"b3a02b21-38d4-44cc-9c83-2281f99d1563",NA,0.855114765182531,0.78366665790446,0.729909752433707,0.872797977488977,0.97002997002997,0.995920449657105
"b3bec9bc-73c9-41c9-beb2-68a5f06ee2ef","CMS1",0.499388153672555,0.825086479602231,0.750958850023659,0.74876237298978,0.001,0.00274761904761905
"b3ebddcc-1177-40a7-baa5-51000c1b7123","CMS4",0.732672795883074,0.644363718882904,0.738411939568071,0.582684423645798,0.001998001998002,0.0049478418577131
"b4078ab3-1bf1-4d55-b00c-ce8b02166629",NA,0.621566975803427,0.671920267177603,0.612476101315776,0.70185174174685,0.03996003996004,0.0597330131008888
"b41c1914-0771-4d0a-b56e-41f712e65bf9","CMS4",0.61515160677579,0.658338825614279,0.678649721580942,0.415350336580374,0.001,0.00274761904761905
"b445f10e-9c4c-4c72-a61b-78134e80fa2c","CMS4",0.603836391604836,0.768104394173104,0.739770830856565,0.537585887819746,0.001,0.00274761904761905
"b5505337-9196-4790-bc5c-838b218a695e","CMS4",0.653752235612526,0.736052163068125,0.742302752235818,0.602118155921122,0.00699300699300699,0.014257826978675
"b553a433-8cad-4eef-9110-574433755319",NA,0.697430314453061,0.674988290999975,0.709426346299856,0.815591538947583,0.739260739260739,0.804817823685748
"b57c8c2c-f54b-4ae9-a8aa-1db269362f1f","CMS1",0.520463487013043,0.82447968140866,0.80867207717984,0.744143136327797,0.001,0.00274761904761905
"b6174575-c328-4148-bd77-665e9002f492","CMS2",0.717849130568642,0.618816166539248,0.71276004269092,0.640405638513407,0.028971028971029,0.0464341214341214
"b6296fb4-a5b8-48eb-9ac1-cf5eb09c34b9","CMS4",0.708043696498193,0.6390236421471,0.643377608057304,0.47552096432323,0.001,0.00274761904761905
"b6977a7a-b2aa-4943-8173-4e955e51e05e","CMS1",0.442679859757036,0.777220449544617,0.690303720251585,0.715934946294665,0.001,0.00274761904761905
"b69c2c4b-59c7-46b8-8d79-4023081b5d45",NA,0.825380407246184,0.650515824064911,0.725727577676618,0.705148692156346,0.047952047952048,0.0693441896449415
"b6fac77d-3e92-48e1-bafa-917cb6a2a381","CMS3",0.631683248832733,0.725664397697023,0.546532347345098,0.79380687307066,0.001,0.00274761904761905
"b71a9539-73e5-45a1-95fe-7ab4b130dd63","CMS1",0.532359082210415,0.801853968211397,0.773167872082697,0.731633576372181,0.001,0.00274761904761905
"b7361545-c3a4-4208-aaed-72e4e5282d2f","CMS2",0.749588896476043,0.531843340947899,0.716838731696318,0.753009361322873,0.001,0.00274761904761905
"b75759fb-230c-4811-b2bd-fd05f8f33311","CMS1",0.536028356146198,0.813190207492802,0.696883730426901,0.699573136182772,0.001,0.00274761904761905
"b7752772-2720-4f19-a763-15a54e6d8bc6","CMS1",0.514055887018345,0.788897599018857,0.668445734039873,0.767737047598228,0.001,0.00274761904761905
"b7aa491d-f50f-4f9b-b8ac-1572cd6cd1ef",NA,0.804982604185918,0.787989659614509,0.800300530493081,0.667098660350925,0.346653346653347,0.408202002079553
"b7ae76e9-8699-4140-be62-88b2ba64e184","CMS1",0.560767768658261,0.679161455408356,0.621577490993244,0.777805195382526,0.001,0.00274761904761905
"b81f3990-fd37-46b3-a1e9-2e992594d7db","CMS2",0.801222154036047,0.610887590252655,0.72184258304759,0.780240310845974,0.027972027972028,0.0450834082118998
"b84848ff-2be3-4de9-b413-a1df82d46085","CMS1",0.543377038276014,0.738340320151003,0.72842099982942,0.670407061774988,0.001,0.00274761904761905
"b8cb5dc2-3a97-4023-bbd8-1bcafbbc6dad","CMS2",0.724305486479881,0.572586317574195,0.674811947097686,0.726939505226649,0.001,0.00274761904761905
"b91f5802-022a-4414-8c40-466787b36793","CMS1",0.509256613255701,0.824413501250259,0.809623083158852,0.670506979975025,0.001,0.00274761904761905
"b95db8b9-7ca6-481d-9912-f8d83f542560",NA,0.655130700488677,0.63104410024409,0.683623091656371,0.621242739103616,0.046953046953047,0.0684139093230002
"b97a37c0-eda8-44c5-9bd2-606a708bdb75","CMS3",0.707819284335063,0.686363121435995,0.617556942997326,0.670116794098917,0.021978021978022,0.036971774581104
"b98be00b-80ae-42f7-952b-36f78618d764",NA,0.723838447320659,0.703197976166855,0.771378309600653,0.657180141208798,0.152847152847153,0.193405278931595
"ba4ed4b0-664f-4773-ac2b-52821a614dfd","CMS4",0.7164671418472,0.748153510566423,0.732756283279309,0.498030530033843,0.001,0.00274761904761905
"bb24863f-4b09-46ac-aacc-4073cad3a7d8",NA,0.613821613779937,0.711602966759573,0.632013002785452,0.727490490190558,0.047952047952048,0.0693441896449415
"bb68c3db-3157-4e95-af5f-f7a7a38e40e1","CMS1",0.469065983513289,0.833333042086981,0.681429233240391,0.73750438001922,0.001,0.00274761904761905
"bb6cdb4c-198d-4908-a2cc-c1e760083aa8","CMS4",0.69211596319094,0.701416562448559,0.604204373364551,0.572624773789387,0.001,0.00274761904761905
"bba0553b-afd2-470f-b0f3-a31ef377e62d",NA,0.692553740326994,0.8414577223317,0.800006863584665,0.830015986878288,0.632367632367632,0.700338049666265
"bbdcb071-7d15-4264-a8c9-d57487c035cf","CMS3",0.767170144067696,0.768021384916305,0.570643598875747,0.792650070952344,0.001,0.00274761904761905
"bbf14b7d-4875-4ee4-80fe-d76d5b2c3a06","CMS2",0.696815690003149,0.53353920119274,0.675010607822728,0.733926459887986,0.001,0.00274761904761905
"bc33c89a-af22-49da-b042-d0d74d058ac9","CMS1",0.607537076988837,0.772659689542437,0.623711055168277,0.811576291387628,0.00899100899100899,0.0171214923690171
"bca8964a-a5c1-47b4-a53d-db8e8b71b9d9",NA,0.746334247925525,0.746560578351093,0.69444605454764,0.687138448465163,0.941058941058941,0.974849208242386
"bcd03012-2f1c-4e2b-b2ed-833ff561a30f",NA,0.626665490059599,0.728693896551369,0.695053869000769,0.663896628715102,0.0809190809190809,0.10858211555886
"bdb54e47-4d66-4ca2-9709-e17c808c606f",NA,0.696336542168843,0.684411010519265,0.623425973542545,0.688326689837781,0.032967032967033,0.0511343495214463
"bdc3b4bb-dea2-4e41-b297-51540a68e68c","CMS4",0.68194734225229,0.678542150398008,0.764390953423692,0.499327063211131,0.001,0.00274761904761905
"be636d1c-edb1-427b-8c42-cbb8cc819f34","CMS1",0.535302989369617,0.827961641123608,0.700212767799703,0.700819853181437,0.001,0.00274761904761905
"becb812a-90b7-4b6f-ad39-5a0b7179b523","CMS2",0.691721258993785,0.582505365380063,0.722731973156552,0.66175331058008,0.001,0.00274761904761905
"bef5f052-9d4c-47a8-82be-3a1bfb991448","CMS2",0.747922768069877,0.550341339265095,0.627371349858034,0.740487930428311,0.001,0.00274761904761905
"bfb91635-bf2c-4311-8b57-33c15b520869","CMS4",0.759927945436194,0.738271022041743,0.739223853995602,0.58828634434388,0.001,0.00274761904761905
"bfd11b30-5f99-448c-8901-02ebb96cec5d","CMS1",0.519649384865977,0.830228999591334,0.735511408735434,0.691529657833943,0.001,0.00274761904761905
"c1467372-92b2-451e-a45f-42e25c5dcf37",NA,0.764207001225247,0.669219276511329,0.709137739473439,0.625707493668944,0.0649350649350649,0.0902832107651385
"c24b2096-358b-417f-9c1f-23c3a51c3bf9","CMS4",0.586911227128755,0.779701563879846,0.73698598588937,0.561039908213581,0.001,0.00274761904761905
"c2dcb66e-6fa3-44c6-8820-2482009de447",NA,0.768485405040662,0.703363774000203,0.688576760615099,0.750372237809927,0.684315684315684,0.752095523524095
"c303e27f-7109-4ef5-b6a6-da6071a4a76d","CMS1",0.554087821069255,0.767343804499087,0.731350601712564,0.619204489601128,0.001998001998002,0.0049478418577131
"c352def2-b28b-45f1-be0e-0fab2671fda2","CMS2",0.783511995074917,0.57895188894606,0.745039743223736,0.727400190594314,0.001998001998002,0.0049478418577131
"c403bbb5-2dae-4004-a088-acfc29bca2d2","CMS1",0.465366952376783,0.821875540498642,0.719998463678364,0.684810448589076,0.001,0.00274761904761905
"c476e501-9bad-43b1-8a9a-393b06dcefb3","CMS1",0.589365684917904,0.708759440648829,0.741385767821386,0.778992032849119,0.004995004995005,0.0110004499317476
"c4ac41f0-1880-4fc0-a9e9-69856a6c373d","CMS2",0.78718591324663,0.535663336856195,0.626084695849989,0.796435755075138,0.001,0.00274761904761905
"c5a8d31c-5a09-4d40-84a6-545eb0115c0f","CMS2",0.762768448735027,0.59412335327423,0.667245401574095,0.715558858595134,0.00599400599400599,0.0127152259505201
"c5f88d68-c755-403c-97a1-d0863d06a56b","CMS2",0.755916540436902,0.513508716043036,0.748540425159208,0.61652185930917,0.001,0.00274761904761905
"c63c52c9-82ba-46f8-bd0c-9459f25e98f2","CMS3",0.736258326381575,0.706828758851986,0.610731873061966,0.677567298915754,0.016983016983017,0.0295156650578337
"c6688171-4c26-4e27-baa5-34c51fb1fc48",NA,0.668344812129468,0.731783910246546,0.750797286623416,0.631990250667606,0.0769230769230769,0.103945235092776
"c679154e-df11-4b05-9584-76437286d2ee","CMS4",0.65893306186033,0.574508465265899,0.626025093041759,0.558948776773996,0.001998001998002,0.0049478418577131
"c6ff24b1-acb8-4cdb-9b65-75ab96c7dcbd",NA,0.684774535612375,0.797679264850987,0.715139204362008,0.737154971965239,0.898101898101898,0.942190536735991
"c720993c-c50a-4223-a7af-4c1b7114557a",NA,0.786576749869853,0.633826855912232,0.793204172021485,0.72442429942392,0.0939060939060939,0.122865796335184
"c741f3fd-133d-470c-8021-cd3432c61ad0","CMS1",0.61519993365248,0.842924256539497,0.733569478897824,0.793477390097056,0.025974025974026,0.0425767414403778
"c834cb75-259c-40bd-93cc-48f9756cc47a","CMS2",0.78827373021683,0.594015519126688,0.75599273099982,0.773375045013306,0.00899100899100899,0.0171214923690171
"ca487c44-794e-4f2d-9882-575a7df963d7",NA,0.748979305941338,0.707033229966737,0.737390979932622,0.832802191669193,0.94005994005994,0.974849208242386
"ca6f8a64-1475-4106-aa00-7d0db7d138d7","CMS4",0.634632398796811,0.689899688493297,0.633575268790427,0.510823376216081,0.001,0.00274761904761905
"ca8ebe77-f2b6-40e2-8f20-0bf350cd3722",NA,0.723681122116647,0.690011892725512,0.714843473723284,0.694606814740424,0.639360639360639,0.705374930996346
"cb1968ee-bacc-48b0-8bf5-541a4a178461","CMS2",0.807586236686266,0.570760271672452,0.708720823852575,0.78102374350348,0.001998001998002,0.0049478418577131
"cbdb3ec7-c304-42c4-92ed-71adce5a0af1","CMS4",0.635432600728816,0.803087237001456,0.731058450365072,0.477622913539162,0.001,0.00274761904761905
"cc01ff43-77ea-43a2-9180-d7b40ac6b26e",NA,0.843013991196483,0.632368013874346,0.797468875335765,0.658094289423093,0.051948051948052,0.0743772356675583
"cc33c8e5-223d-444a-9977-49c3081cb8a7",NA,0.825135250635522,0.684965733032824,0.800571413031468,0.76282490319529,0.795204795204795,0.852849752478005
"cc5db49f-0ccf-403f-854c-8b12aa7ee528","CMS4",0.672555430735459,0.685275067226158,0.699589621089353,0.608606290382468,0.00799200799200799,0.0155265609811064
"cc6e41a2-f851-4a1a-a7b7-91db1076d6ee","CMS4",0.698988469399336,0.718460240515298,0.656191721640706,0.555505829987367,0.001,0.00274761904761905
"cc7b8015-fab8-444e-92d4-df119de11a05",NA,0.742539729696533,0.612163241273248,0.696366281612712,0.752609864248249,0.032967032967033,0.0511343495214463
"cca7879a-744d-488a-a2e9-67dd4a40946d",NA,0.767733193812087,0.638824502284329,0.761079079952512,0.680933567778379,0.0769230769230769,0.103945235092776
"ccadeefd-7561-47b7-b58a-e09f688c65e4","CMS3",0.640122583230933,0.799910805150349,0.577161681692422,0.773735470466489,0.001,0.00274761904761905
"ccb73e74-b33e-4c1a-bf12-e148f15244a8",NA,0.625652164770302,0.750756624531976,0.715088425667074,0.664415795716594,0.0729270729270729,0.0992427383936818
"cd10bd5e-b75b-4d47-a103-9c259dcf1a19","CMS4",0.759500474871919,0.681929988226292,0.806437859852527,0.579361944070463,0.001,0.00274761904761905
"cd3ed542-e30f-46a9-9ad5-51af33188505","CMS4",0.541379881162569,0.697609309003379,0.666953945612115,0.518663089032537,0.001,0.00274761904761905
"cd7ab148-0328-4e3d-8874-5808ae0d9fc2","CMS1",0.515171879831907,0.780621661777481,0.665040905861984,0.774343268775344,0.001,0.00274761904761905
"cd80bd53-f441-45be-ae9a-ab5fd78b092b","CMS2",0.791088268136918,0.575361089632354,0.723070382197478,0.659428604336596,0.001998001998002,0.0049478418577131
"cd8eec4e-4692-42a2-99bd-11744a97eb38",NA,0.804622925711804,0.64450498491777,0.734538929320687,0.733482790296328,0.146853146853147,0.18663935183759
"cda82959-b9cb-4366-be08-ba8d8324d977","CMS2",0.838462696805883,0.595595063650584,0.734754535889313,0.803548328644204,0.016983016983017,0.0295156650578337
"cee77d7f-4428-4df1-8532-7782481459a1",NA,0.831384100482082,0.660181386649614,0.704803488431862,0.806985704469299,0.26973026973027,0.325594907184865
"d04bd284-1b23-40ab-a130-3d0c5af42600","CMS4",0.633017993870004,0.784523598844639,0.802291635266575,0.565590641066289,0.002997002997003,0.00700109606992198
"d07e6f35-2d7f-4bac-804f-a182d09efab5","CMS4",0.70735412434202,0.741653588778801,0.673946180898303,0.575579715772157,0.002997002997003,0.00700109606992198
"d0b39c4a-a06f-4c52-84b4-3c6483651685","CMS3",0.753754232548488,0.679948750576092,0.628463224997161,0.640036210449698,0.014985014985015,0.0264414484597971
"d13d6e92-a41f-423d-80dd-ac8381f53b00","CMS3",0.712817001695819,0.68222336495283,0.569479790116334,0.781256432506127,0.001,0.00274761904761905
"d2aee6c3-29d3-44ef-96a5-b0a2d23dcec5",NA,0.830650312467223,0.702661057495976,0.768276598522506,0.858600166897843,0.845154845154845,0.903063603063603
"d2bb361b-c78c-482f-b4d4-bd77ac7c0f37","CMS4",0.596128377950297,0.79763433618922,0.700015597159507,0.517587166805609,0.001,0.00274761904761905
"d33869b3-583c-4c67-ba8f-bb91e9368b32","CMS4",0.796575315885943,0.685139405516288,0.785273227453617,0.599048446415159,0.012987012987013,0.0234172077922078
"d343ce81-b7e8-4fe8-97a9-8dc632dd7b5d",NA,0.713290851743406,0.661285046256174,0.698772563080975,0.838488226735499,0.524475524475524,0.59454298157638
"d36ca98a-b08d-4312-9f2a-15d32598a42c",NA,0.63006183509489,0.804148761442441,0.646736607190396,0.76175512999232,0.135864135864136,0.173821743666533
"d3980bb6-edb0-482e-a8fb-2da0d0ca36d9","CMS3",0.755887197468201,0.701092486551455,0.591097323440043,0.773864013549689,0.00699300699300699,0.014257826978675
"d39b6aa9-f123-4112-aef8-7265aa8374b0","CMS2",0.760093082561439,0.523242823148642,0.683208109123034,0.670213325638437,0.001,0.00274761904761905
"d3e953a0-3907-4c8d-bcf7-27767ef1e2d5","CMS1",0.556839150122356,0.809495849119844,0.776229583627854,0.754701967345098,0.001,0.00274761904761905
"d404d207-4e4f-4c5d-b6b7-b576fa6f92c4",NA,0.7463194697819,0.758310990394663,0.783861306604237,0.668128943262745,0.397602397602398,0.463467845286027
"d49d7f13-243f-4840-97bf-371d862c8de5","CMS1",0.498501422762891,0.741497443978056,0.652970970423401,0.636998805683138,0.001,0.00274761904761905
"d4c7e604-3e4b-4d11-9754-2bd3848c1c16",NA,0.818184377314111,0.68758074222393,0.729859570698631,0.834450033456871,0.7002997002997,0.768199481127238
"d4ff0ec0-ec67-4364-b5bc-738df8c4cf7c",NA,0.815851008832096,0.672360043681016,0.766145342064929,0.774060025838296,0.454545454545455,0.523498457630194
"d6af00a8-d733-4788-aaf4-8522479eba2d","CMS4",0.664778120125251,0.640526661686379,0.681556271467662,0.592282763369799,0.004995004995005,0.0110004499317476
"d6cff9b4-6b57-4ad9-8325-92d1232c7f39","CMS4",0.614744620536054,0.664492107875292,0.720502250498185,0.44469152308299,0.001,0.00274761904761905
"d73fc90a-5ebf-4b72-ad87-c13c7e5b8bb7","CMS2",0.748270474624273,0.571061885107721,0.672572084026688,0.781139079220234,0.001,0.00274761904761905
"d77dfe53-77dd-46c9-80a4-19d343e8ee36","CMS1",0.491728796467122,0.728141692335696,0.733487238839847,0.702661131405057,0.001,0.00274761904761905
"d843095b-5bb1-4d7d-9c31-abffe8d05317","CMS4",0.701792275137759,0.626902862344932,0.740473978168661,0.433836678555173,0.001,0.00274761904761905
"d84aa7f4-7210-4121-9e4a-e6000d30ff90","CMS4",0.65758553890911,0.812189304782151,0.731052887622141,0.609824062077025,0.004995004995005,0.0110004499317476
"d89e982a-339a-4b21-8b1d-591ae329507b","CMS4",0.585915205781013,0.592025747308768,0.629730458149385,0.505676143468839,0.001,0.00274761904761905
"d929abca-261d-4bab-bf64-ddf1bbcdb78d","CMS3",0.720562720347558,0.633986997315984,0.531439569273454,0.785906448371441,0.001,0.00274761904761905
"d9c85ce8-73b4-4100-8ec0-193677f11da0",NA,0.738898697453199,0.775045637634403,0.617678935310291,0.686349804189731,0.037962037962038,0.0571908509245324
"da670207-560b-42d7-a906-bd9d590b631a",NA,0.642002868404424,0.662855484131676,0.659585485329789,0.661641205881519,0.0649350649350649,0.0902832107651385
"da8c975b-65b4-4e9d-a919-16da8d5a7b1f","CMS4",0.693854322915214,0.582116283265923,0.69962125108386,0.504237292448277,0.001,0.00274761904761905
"daba767c-5d22-4de1-81ba-8ad8f5626465","CMS2",0.750472200903676,0.540448001136172,0.687506165122235,0.763168715081762,0.001,0.00274761904761905
"dabb0e59-8a93-4aa7-8ed2-b6bd22184740","CMS4",0.788617925684435,0.668147067697692,0.781608209236496,0.60651861846337,0.004995004995005,0.0110004499317476
"dc0b07cb-49fb-44d0-b4d0-e99d50532d6d",NA,0.718341205827765,0.723739230866138,0.620506314039025,0.681663322110608,0.037962037962038,0.0571908509245324
"dc483ad4-8346-4fd9-a2b9-5c5f463353ce",NA,0.784911332381463,0.732451612418544,0.692513224989673,0.733258491945021,0.623376623376623,0.694378980093266
"dcffa84a-e1e8-4003-a612-4ec5eee48b95",NA,0.630353071464786,0.765334898936963,0.732190159091886,0.638294593861228,0.0629370629370629,0.0881424400841877
"dd68d3db-7da4-432a-ae28-e151b12b3b1f",NA,0.740193917307209,0.779252144181755,0.827813533677219,0.804000083767434,1,1
"ddb546a8-f159-40d1-abb9-5e319a5a1aa0","CMS4",0.672415129934941,0.730901505960222,0.740007178695494,0.470039623467456,0.001,0.00274761904761905
"dde6631e-ef66-4db4-a7cb-be94f4b9c4fd","CMS4",0.574770660915233,0.769882746541545,0.767269688250377,0.571895013015043,0.001,0.00274761904761905
"de0f7996-1854-4b32-a2f9-1c99484b9e54","CMS4",0.685104993833484,0.819790080018915,0.762526250819261,0.581370103685011,0.002997002997003,0.00700109606992198
"de5db4af-433b-4328-a9f9-35f601e1a74e","CMS4",0.619697159639158,0.778936330811502,0.754718470202238,0.578728212947557,0.00699300699300699,0.014257826978675
