	APC	BRAF	CCAT2	COLCA2	DCC	GALNT12	KRAS	MLH1	MLH3	PIK3CA	SMAD2	SMAD4	TGFBR2
00ae9ab8-6eaa-4085-af72-26f96df97fa3	high	high	high	47.0	high	high	high	high	high	high	high	high	4482.0
00cdff29-697a-4a17-ba67-cf55c006b827	1459.0	1084.0	2.0	125.0	11.0	high	2680.0	1416.0	1054.0	1121.0	3643.0	2365.0	high
01947597-c83a-4c5d-8a45-f1fe27992ad5	1773.0	1321.0	5.0	32.0	2.0	high	2449.0	1467.0	1254.0	1015.0	2334.0	1759.0	high
0194feb1-d8be-45e5-9b95-0596090e9ecc	414.0	258.0	1.0	118.0	2.0	836.0	957.0	349.0	237.0	278.0	919.0	736.0	2446.0
019bfec7-ec6c-4cd6-808b-3e6e058e55f9	51.0	66.0	1.0	121.0	3.0	225.0	203.0	263.0	170.0	70.0	485.0	749.0	2129.0
01d414a2-2b77-41e8-8622-98b277f5dc85	552.0	1167.0	5.0	32.0	23.0	876.0	2814.0	1302.0	high	685.0	3605.0	high	5830.0
02033780-6bc1-407d-bd0f-45b6d74ae87b	975.0	444.0	0.0	51.0	19.0	1013.0	1435.0	290.0	601.0	536.0	2959.0	1828.0	1769.0
0228ad1c-d5ac-4938-9157-4f7738edf233	high	high	high	high	5.0	high	high	high	high	high	high	high	high
025bf99d-1e89-43f3-b0b7-8dfe5d43e192	910.0	972.0	24.0	63.0	6.0	1429.0	high	1119.0	589.0	714.0	2340.0	1548.0	5160.0
026818a6-8180-4d9c-9357-b88a832b374e	1215.0	549.0	0.0	high	8.0	2077.0	2590.0	584.0	459.0	499.0	1938.0	1668.0	3298.0
028cf419-71ca-4bcd-9f45-3c1c394f1f17	503.0	high	13.0	26.0	12.0	1833.0	2654.0	high	943.0	high	3453.0	2013.0	high
03277451-4bc3-4c62-947a-0951276ee8e9	1110.0	885.0	0.0	188.0	17.0	high	high	1365.0	758.0	789.0	high	high	1734.0
0361fa03-68ca-498f-9de5-0efa5cbf8c70	1191.0	907.0	1.0	high	8.0	1028.0	2243.0	1104.0	1021.0	649.0	3218.0	high	high
03dfd378-4df6-48b6-a160-60d6d9f11533	288.0	385.0	1.0	29.0	0.0	748.0	1539.0	373.0	267.0	357.0	1170.0	880.0	2114.0
03fc84ec-ac67-4fdd-a7ce-f677cf8b82e6	1697.0	1388.0	8.0	52.0	23.0	1489.0	2838.0	1309.0	1067.0	1177.0	2508.0	1630.0	high
04288a35-71ba-421d-80a4-52bb0853aa9f	1751.0	high	0.0	0.0	14.0	304.0	1374.0	279.0	827.0	344.0	3390.0	1438.0	3488.0
04981c65-5d1e-4ced-bfd0-8db2e078b5c2	441.0	309.0	0.0	170.0	10.0	910.0	1043.0	952.0	363.0	218.0	1016.0	869.0	3009.0
055ffec2-1932-4a20-84b8-b841fc0054eb	357.0	688.0	1.0	high	3.0	630.0	745.0	519.0	347.0	415.0	969.0	527.0	2355.0
059526c3-7cb1-4bdf-ac9a-0b887014b5fa	1308.0	980.0	10.0	89.0	8.0	1573.0	2397.0	1122.0	896.0	997.0	2580.0	1453.0	6225.0
05f2ad36-dc5f-4df4-8f79-afe4f46f81fb	426.0	683.0	9.0	78.0	17.0	838.0	1444.0	597.0	410.0	506.0	1268.0	1181.0	3885.0
07576e90-dbad-4c35-8fcd-e9ef89c8addc	302.0	1105.0	8.0	11.0	7.0	966.0	2950.0	1437.0	1068.0	829.0	1808.0	1476.0	5336.0
080f8c74-76c9-484e-b7b7-16a2c60da497	1011.0	556.0	20.0	35.0	12.0	673.0	1451.0	1071.0	560.0	1257.0	2714.0	700.0	2798.0
08239799-b042-41c2-90cd-6a0dad35e54d	734.0	1220.0	6.0	98.0	2.0	high	high	1408.0	1220.0	881.0	2330.0	281.0	7754.0
08872f38-d20f-4610-898c-aff8fe15bfe2	high	high	high	44.0	12.0	high	2664.0	high	high	high	high	high	7837.0
08c9b174-59f5-4d74-8f01-99fbd2531f20	1383.0	543.0	0.0	166.0	1.0	high	1953.0	112.0	605.0	667.0	3306.0	1900.0	1606.0
09866ae2-461d-4bc5-88e7-0cc338e502fd	1067.0	726.0	2.0	high	5.0	1165.0	2908.0	1083.0	1205.0	617.0	1929.0	1247.0	4390.0
09e969eb-37d0-4502-ad3f-5856b6ad8f43	562.0	795.0	0.0	high	8.0	high	2517.0	1218.0	848.0	650.0	high	335.0	3370.0
0a41ee42-3997-4fde-8928-c005b34bc0d9	high	high	2.0	high	12.0	high	high	high	high	high	high	high	high
0ab52521-ed65-49f9-8508-e90062281352	805.0	859.0	14.0	30.0	13.0	592.0	1482.0	high	875.0	531.0	1432.0	1045.0	4214.0
0b007fbb-171b-460c-81bc-a004201cee6c	high	high	0.0	26.0	high	356.0	413.0	high	high	high	high	2020.0	4535.0
0c62b002-8912-4ce0-a2e5-41bc1e3f9996	452.0	398.0	0.0	0.0	0.0	1182.0	937.0	69.0	460.0	337.0	1548.0	899.0	1494.0
0caeddec-a904-4c53-be6d-56c83975eae0	645.0	801.0	2.0	173.0	4.0	1324.0	1436.0	631.0	869.0	579.0	1391.0	860.0	2957.0
0cb1ff53-394b-4638-a754-8e9fed5ee614	323.0	221.0	0.0	47.0	0.0	784.0	839.0	105.0	321.0	246.0	1843.0	1420.0	852.0
0cb4425b-6b54-44ef-8594-f91b3b13d403	high	high	high	high	high	high	high	high	high	high	high	high	high
0d104bd9-575e-483f-b827-55e617bb6d65	1849.0	high	10.0	75.0	19.0	1306.0	2394.0	high	high	1304.0	2682.0	2373.0	high
0d1e7193-6623-4c34-b3fe-5a7f0a6a9913	1617.0	high	8.0	44.0	high	1570.0	1769.0	high	1082.0	1300.0	3171.0	high	high
0d42dff4-8815-4b8d-b11c-705dfdb0a5b8	1813.0	high	20.0	high	23.0	high	2841.0	1493.0	1224.0	1043.0	163.0	2063.0	7688.0
0d6ba88c-ba7a-4e82-96b0-67e2b084b088	188.0	308.0	0.0	57.0	10.0	286.0	912.0	389.0	230.0	361.0	1290.0	1063.0	1563.0
0da581b5-c86b-4b79-95b8-6633e7246e3f	802.0	742.0	12.0	24.0	19.0	787.0	1520.0	996.0	734.0	489.0	1759.0	778.0	3631.0
0e065804-8df9-4294-8a02-0b288cc68b81	758.0	562.0	4.0	62.0	3.0	195.0	1407.0	677.0	485.0	339.0	857.0	763.0	3555.0
0e6df121-536a-4bb2-8197-4e8891c24181	682.0	835.0	0.0	19.0	24.0	1465.0	1613.0	1392.0	516.0	732.0	1930.0	1253.0	4917.0
0e715b20-ad08-47bb-b69e-c8c8c48a44ae	1315.0	569.0	13.0	28.0	6.0	455.0	1615.0	1050.0	949.0	1317.0	2012.0	644.0	5190.0
0e93cda6-1c3e-429f-87cb-6599d1fc2574	1894.0	919.0	6.0	high	6.0	795.0	1767.0	228.0	958.0	956.0	2461.0	2187.0	2888.0
0e95c8a8-8bc3-4016-be71-acdc9411a369	high	high	high	154.0	high	765.0	high	1400.0	high	high	high	high	high
0f2afe6c-874d-4b00-af46-3ff7bcd9caec	high	high	high	74.0	1.0	1192.0	1192.0	1402.0	high	1146.0	high	2101.0	high
0f68cfdc-4abc-486b-938d-a7bea44b5c6c	high	high	high	223.0	high	high	high	high	high	high	high	high	high
1035f31d-080e-4a79-ada7-6637ed571ee3	634.0	high	10.0	25.0	20.0	1422.0	high	1219.0	1098.0	1250.0	3004.0	2001.0	6544.0
1083930a-42f7-49dc-a448-f8cafa7313e5	73.0	128.0	1.0	58.0	2.0	259.0	240.0	145.0	113.0	77.0	409.0	252.0	927.0
1085f238-83b9-468c-b8de-bd969b50e28e	1621.0	738.0	12.0	190.0	13.0	724.0	1974.0	714.0	1056.0	1158.0	1733.0	931.0	4380.0
10e6418e-177b-401a-aef6-6027e93cc578	high	high	high	90.0	1.0	high	1767.0	high	high	high	high	1451.0	7273.0
11be116a-2014-4685-99fc-13badbb91841	high	high	high	29.0	high	454.0	1826.0	1155.0	high	high	high	high	7060.0
11c21f13-84a0-416f-a7ca-25fc1c2ee0f9	high	1028.0	1.0	high	9.0	high	high	1496.0	996.0	974.0	4094.0	high	7216.0
11fb2ab9-4116-4cea-95f9-0c0ca111cc2f	148.0	313.0	2.0	175.0	3.0	560.0	643.0	389.0	174.0	395.0	993.0	671.0	1498.0
13048c52-e0c7-4289-b7a3-86e0042f3c7b	716.0	high	5.0	14.0	10.0	1673.0	high	high	1135.0	high	2885.0	2361.0	high
13a72fbf-f601-4f67-aca4-796716f78293	1660.0	1008.0	4.0	95.0	10.0	1824.0	high	1249.0	high	904.0	3515.0	2426.0	7979.0
13cc094c-3724-45cc-8a98-650d0c7a695a	427.0	532.0	0.0	22.0	3.0	232.0	820.0	580.0	400.0	465.0	2725.0	1647.0	4115.0
14eb25f3-a5ea-4589-9fdc-73da9e2ca081	high	high	high	37.0	high	488.0	high	736.0	high	high	high	high	3155.0
1530ffe4-22f1-40b1-96d8-57f1509a0171	355.0	277.0	2.0	156.0	0.0	596.0	2042.0	878.0	504.0	442.0	1414.0	942.0	5245.0
1630f3a7-898d-43ee-93ad-b9486024d323	934.0	509.0	0.0	107.0	2.0	1855.0	1681.0	1137.0	619.0	468.0	2925.0	1756.0	1095.0
1661a686-4738-4d21-80ae-65b8bae655e4	1319.0	high	5.0	high	4.0	1623.0	high	high	high	1182.0	3024.0	2109.0	5431.0
1771fe4f-faa4-42cd-add0-4efc5e1f844a	556.0	644.0	2.0	11.0	0.0	120.0	991.0	high	508.0	562.0	3321.0	1938.0	895.0
17721431-150a-4fee-bfbe-b20a969f67a7	383.0	386.0	2.0	11.0	10.0	1164.0	759.0	658.0	394.0	314.0	1025.0	694.0	2181.0
17add25f-e442-4c52-b75a-a35b890ed565	151.0	355.0	2.0	53.0	8.0	810.0	909.0	394.0	160.0	265.0	994.0	836.0	1928.0
17d28300-aacf-4723-b21a-87c1fea5d6d1	988.0	1177.0	5.0	96.0	6.0	1290.0	1956.0	1131.0	1003.0	697.0	2070.0	1487.0	6613.0
18454d33-79e9-4bbb-a606-00c267fd9407	high	1025.0	1.0	high	22.0	1939.0	high	high	765.0	high	high	high	8025.0
184cc3d2-1c43-4584-9fef-059c8395779a	1462.0	813.0	1.0	80.0	high	1111.0	1927.0	875.0	694.0	981.0	high	high	high
18fe6d09-5377-4c7e-a360-ca65b575444c	1888.0	1197.0	25.0	high	2.0	1446.0	2359.0	1018.0	801.0	1098.0	2976.0	1859.0	high
19828bf2-51d5-4cb2-9193-360427a38ae9	569.0	528.0	7.0	33.0	2.0	909.0	801.0	622.0	320.0	325.0	1105.0	710.0	2447.0
1a37238a-6b18-4585-bde9-c641043328b1	1534.0	1253.0	5.0	64.0	22.0	1325.0	high	high	1093.0	high	high	high	high
1a59a96b-12b7-4e9a-9e32-b01a7e48c01e	237.0	404.0	0.0	14.0	6.0	433.0	901.0	799.0	416.0	375.0	1185.0	937.0	4637.0
1ab15a98-a3ed-497c-9252-a6589dec4260	692.0	667.0	5.0	197.0	21.0	2121.0	2545.0	high	799.0	720.0	high	2062.0	4871.0
1b1f27c1-950f-49a9-95b9-5104d433ad3e	398.0	445.0	0.0	72.0	0.0	560.0	830.0	610.0	267.0	326.0	257.0	639.0	2657.0
1b94d854-680a-4ed8-8892-99cdcf3f794f	high	high	3.0	high	26.0	high	high	high	high	high	high	high	high
1bd9d725-c5b5-46cf-b3c7-8a36bf0b2bcf	91.0	202.0	3.0	139.0	0.0	636.0	552.0	284.0	423.0	166.0	1137.0	459.0	1590.0
1c48056a-d2b8-4365-b750-485b9e9a7b6c	913.0	636.0	1.0	high	5.0	1865.0	2348.0	1093.0	767.0	564.0	3064.0	2144.0	6731.0
1cb8f903-423c-47ff-ba6c-b3838a75cd22	305.0	319.0	0.0	12.0	6.0	643.0	495.0	588.0	282.0	205.0	1018.0	805.0	2395.0
1cdc3d1e-a447-4a23-a649-d1678f1cae0d	1737.0	956.0	0.0	high	6.0	high	high	1190.0	812.0	816.0	3339.0	high	7657.0
1dba29d2-d9fc-41e2-8bbb-74e5573775b0	501.0	304.0	0.0	133.0	10.0	859.0	1064.0	533.0	313.0	304.0	1428.0	1122.0	3360.0
1e2f186f-1569-4874-8051-d0e956878d4c	1298.0	481.0	5.0	99.0	13.0	867.0	1135.0	1342.0	985.0	775.0	2782.0	332.0	3353.0
1f117018-33ca-4b04-89cc-e5594656a4ba	1125.0	1261.0	16.0	high	high	1087.0	high	high	high	794.0	high	high	5423.0
1f78d18b-ca75-4ab4-9b5e-dc1a0da9d6d3	95.0	139.0	0.0	33.0	0.0	395.0	281.0	310.0	233.0	66.0	543.0	630.0	2620.0
1ff59114-826b-4f37-99dd-894ae30d4e93	1220.0	1028.0	0.0	159.0	3.0	1360.0	1683.0	774.0	1138.0	866.0	1781.0	686.0	4180.0
2063302d-2b9d-4550-8426-fb64f5ea89d1	996.0	1298.0	2.0	high	1.0	high	high	1454.0	high	813.0	high	high	high
21a0b137-e939-4866-aa76-90baecea1826	588.0	480.0	8.0	181.0	1.0	703.0	734.0	582.0	440.0	306.0	1113.0	591.0	3128.0
21b76e1c-1129-4c97-8c87-a7fc5d251e5f	1952.0	high	26.0	high	12.0	901.0	1928.0	high	high	1035.0	3091.0	2387.0	7787.0
2213ea96-985f-46e9-8f5b-b26f2cc0df71	1197.0	1028.0	1.0	226.0	high	468.0	1798.0	1189.0	738.0	1286.0	3347.0	high	high
225e2e30-c886-4eea-9b32-71c509ea5e4e	high	high	high	110.0	14.0	high	high	high	high	high	high	1100.0	4693.0
228b425f-ddc8-46e4-b246-41f4389b7a97	993.0	1124.0	5.0	141.0	15.0	2044.0	2163.0	high	707.0	848.0	2869.0	1870.0	8002.0
22f8c89b-05a1-4498-bfce-02c23da31894	1375.0	815.0	12.0	48.0	31.0	1292.0	1907.0	1051.0	813.0	1009.0	3087.0	1361.0	3499.0
2315807c-35c4-422a-bf00-91b366d53113	1027.0	576.0	0.0	90.0	28.0	2085.0	2925.0	high	568.0	941.0	3217.0	high	7530.0
23d33ac1-a9db-463b-9f86-06603e02f357	352.0	314.0	0.0	201.0	high	627.0	1254.0	63.0	315.0	201.0	1956.0	1330.0	1038.0
23d865c5-28e5-4e97-b812-12d792c8742a	1297.0	1556.0	7.0	161.0	9.0	1334.0	high	1294.0	1010.0	high	2324.0	1210.0	high
23facdbd-4c59-463c-960b-1383f5b16fcb	1616.0	978.0	2.0	216.0	34.0	1276.0	high	1316.0	1312.0	740.0	3202.0	2051.0	6151.0
245c9ca4-50f5-4855-8a44-5bde3f482b8b	1564.0	1303.0	0.0	159.0	high	high	2406.0	1452.0	1113.0	1143.0	high	high	high
24678a85-dba7-4e0f-8ba8-feeb0652681c	5.0	30.0	0.0	58.0	1.0	188.0	129.0	38.0	38.0	3.0	58.0	185.0	347.0
24eadb72-4bbd-4145-857b-fe9da0ce5aa4	423.0	471.0	3.0	8.0	14.0	349.0	721.0	818.0	598.0	390.0	975.0	653.0	3407.0
24fb2b4e-bc69-4b86-8572-7d4705dd7c36	1627.0	460.0	2.0	32.0	6.0	1564.0	1448.0	353.0	high	high	3218.0	941.0	2540.0
2557fd6d-a74a-4799-ae85-401817862b05	824.0	676.0	11.0	16.0	2.0	396.0	1182.0	727.0	579.0	1003.0	2254.0	670.0	3384.0
2577d221-4cc4-48b7-b4e3-70a07f547213	1482.0	562.0	0.0	38.0	high	379.0	126.0	618.0	1155.0	145.0	511.0	282.0	362.0
25c967af-093f-4668-a60a-d852c22c1bce	356.0	1063.0	2.0	114.0	25.0	648.0	1880.0	1035.0	high	593.0	high	high	3499.0
269994d7-f26d-4b93-9647-e12c3f1808e5	1095.0	828.0	4.0	168.0	9.0	1558.0	high	1027.0	752.0	576.0	3050.0	1807.0	high
270115e4-3da5-45e5-abff-34fba5a75792	147.0	225.0	2.0	14.0	4.0	324.0	562.0	506.0	165.0	123.0	573.0	488.0	1483.0
270db4e2-6cbe-4a81-a6f7-98fccae2e16c	1366.0	680.0	2.0	61.0	0.0	1217.0	1108.0	1314.0	996.0	high	3160.0	1408.0	5642.0
27404c59-9a94-4c61-ac2e-12bc30e12b4a	59.0	365.0	2.0	5.0	2.0	1293.0	882.0	928.0	331.0	236.0	487.0	567.0	2472.0
286a49e7-8f49-4f1e-8d08-fad8337d707f	1087.0	628.0	0.0	high	10.0	987.0	2005.0	229.0	979.0	696.0	3932.0	high	3444.0
290b9234-0d19-4a74-971e-73dad79f7e9a	539.0	774.0	5.0	high	19.0	high	2390.0	1397.0	1053.0	659.0	high	high	high
2a9575e3-6fd5-46be-a101-3bbb3ba391e4	1353.0	699.0	0.0	high	0.0	1947.0	2219.0	107.0	1018.0	532.0	3863.0	2374.0	2445.0
2ac8fc00-0df3-4b16-88f0-72a4f373a5f9	1033.0	969.0	0.0	38.0	9.0	868.0	1967.0	476.0	858.0	954.0	3134.0	2374.0	2599.0
2c15e60c-1190-4bcd-88df-d0707d737a17	438.0	320.0	0.0	high	11.0	1212.0	1026.0	84.0	475.0	263.0	1632.0	1466.0	961.0
2c1b791c-1a1a-4b76-a819-6132bbdd3ed8	high	high	17.0	high	13.0	835.0	high	1337.0	high	high	high	high	high
2c73d8ac-84b9-4094-9f5e-fbd6c2e8eabf	568.0	509.0	1.0	14.0	13.0	841.0	1689.0	832.0	310.0	502.0	1285.0	988.0	2657.0
2cc2ce34-34fe-4d27-9b37-d5023ea14053	1022.0	877.0	2.0	99.0	1.0	1080.0	1051.0	141.0	842.0	624.0	2000.0	1410.0	1778.0
2d7e6bc2-b313-41a4-9c5e-3e05d3be0f1f	1460.0	1221.0	12.0	62.0	12.0	1365.0	2559.0	high	711.0	1143.0	2472.0	1690.0	7719.0
2d8aabfb-62cf-4113-8baf-948d1cdc8712	1350.0	1160.0	0.0	high	9.0	798.0	1888.0	1091.0	726.0	1066.0	4014.0	722.0	high
2de49665-f00e-46f9-899b-95f4eb08c0cc	high	high	high	high	33.0	2090.0	high	high	high	high	high	high	high
2dea7278-7221-43e6-bf22-713777beb618	1003.0	960.0	1.0	203.0	7.0	1476.0	2645.0	1277.0	995.0	487.0	3901.0	2149.0	4464.0
2df88806-fbf2-4111-94b6-6f07901c5c94	860.0	595.0	high	22.0	13.0	901.0	1179.0	1073.0	916.0	1258.0	1701.0	710.0	6080.0
2e416248-8a8d-4d0b-b9d4-71d8c2d0ce07	high	1291.0	2.0	87.0	high	1041.0	high	1160.0	774.0	1321.0	high	high	high
2f5d9fd6-ed20-4f84-b5cb-ac9c5be88256	459.0	521.0	4.0	21.0	3.0	799.0	1307.0	633.0	341.0	486.0	1498.0	1347.0	2456.0
30bd820a-3a52-472d-bd9f-dc8818e482f9	948.0	435.0	0.0	162.0	5.0	1045.0	1236.0	high	816.0	1252.0	2485.0	696.0	6821.0
30fd31d5-d8c2-4038-8cbe-e1c986621fd6	957.0	593.0	0.0	73.0	2.0	high	1919.0	60.0	521.0	586.0	2616.0	2280.0	1072.0
31951036-bbb7-4f77-bce9-358a0ecd65ef	930.0	1405.0	30.0	73.0	10.0	1459.0	2723.0	high	969.0	high	3179.0	2186.0	high
31d7af50-fbc7-405b-9c0b-d7063d076d43	high	high	2.0	high	27.0	high	high	high	high	high	high	high	high
323195bc-0cd4-4776-98ee-4df40163e914	1364.0	700.0	high	124.0	0.0	871.0	1267.0	852.0	1229.0	1107.0	1335.0	800.0	7580.0
32b62e42-3d6f-4315-aca9-b3718cd9f5b3	757.0	1142.0	7.0	18.0	9.0	588.0	2252.0	high	high	879.0	3198.0	high	high
32bf31af-9a05-4cc0-811c-b316991fd03f	1224.0	856.0	high	14.0	35.0	477.0	1566.0	804.0	767.0	753.0	1351.0	1053.0	3508.0
33b4cb11-fada-4d2b-b7ce-61077f94f0e9	1510.0	1546.0	9.0	126.0	36.0	712.0	2722.0	1362.0	high	858.0	2896.0	2212.0	7560.0
34111a2c-5b27-427e-890e-349b9974343c	982.0	1291.0	20.0	59.0	13.0	1792.0	high	high	1275.0	792.0	2836.0	2114.0	5217.0
3455127d-0c83-4a52-ae3f-750717615d4d	high	1034.0	2.0	high	18.0	1239.0	2485.0	high	high	1248.0	3198.0	2336.0	high
3456d4a1-bb29-4559-8c4e-c9b0e512fae3	558.0	320.0	0.0	high	6.0	569.0	1654.0	200.0	433.0	421.0	1921.0	1638.0	1579.0
3530cc00-2ddb-42ad-98b7-997310495567	1636.0	1164.0	0.0	high	1.0	high	2357.0	high	915.0	957.0	2869.0	780.0	high
35c3dc03-a8cc-46e1-b5f6-4106ff5875f6	high	1167.0	0.0	high	20.0	high	high	1228.0	921.0	1185.0	high	high	high
363e9f25-63d0-4b66-bf5e-f2dc1f92b10f	264.0	445.0	7.0	17.0	6.0	664.0	826.0	853.0	416.0	321.0	1010.0	720.0	2309.0
36d1d765-ba71-4c4e-9e87-748a209d4d1f	778.0	300.0	1.0	99.0	2.0	1604.0	782.0	328.0	339.0	1133.0	3996.0	1089.0	2768.0
3761f40c-f3ec-4719-acae-4404d8f9d1db	1224.0	1174.0	1.0	high	2.0	high	high	high	844.0	630.0	4033.0	1871.0	7418.0
377fd22f-52c4-4918-a5ae-5fa7d22db4d9	high	808.0	0.0	82.0	high	487.0	120.0	736.0	1239.0	371.0	535.0	245.0	373.0
3836f766-08fc-4496-8470-3f9e51b14b3c	1552.0	451.0	0.0	236.0	2.0	high	2698.0	402.0	426.0	654.0	3040.0	2057.0	5783.0
38e10d96-15c3-43a3-a6d7-872a37ad80ef	high	954.0	12.0	139.0	19.0	1021.0	1193.0	822.0	788.0	958.0	1207.0	618.0	4226.0
39ae58b5-3623-4b68-b615-c4ba9e0996af	782.0	1053.0	0.0	high	3.0	1769.0	1774.0	805.0	840.0	589.0	3687.0	high	1298.0
39cc4b89-1b55-4683-b942-f3c11111a052	388.0	1248.0	24.0	76.0	7.0	1492.0	2101.0	high	1021.0	1008.0	high	high	high
39e09a21-6d1a-4a34-8227-8f30bbd5065b	349.0	315.0	1.0	64.0	8.0	197.0	1134.0	542.0	328.0	216.0	658.0	504.0	1486.0
39e3635b-9eda-44d0-96d4-164b8df4759e	666.0	683.0	5.0	high	17.0	1061.0	2349.0	1222.0	692.0	773.0	3351.0	1286.0	4312.0
3b8b7b48-4dd6-48c0-b36f-a554b5a2e0a9	339.0	968.0	2.0	103.0	10.0	high	2369.0	high	1310.0	875.0	2703.0	2389.0	6491.0
3bbac6c7-4c64-48a6-8d2e-9894c430fbfa	high	1054.0	3.0	188.0	23.0	high	high	high	1260.0	high	3424.0	1745.0	7124.0
3c00f619-f9c3-4747-88bc-359e9ddec812	high	1050.0	1.0	high	3.0	high	high	high	1197.0	1073.0	high	high	2680.0
3c18b7f5-f53e-4721-a470-ae4410c0592b	1270.0	966.0	2.0	high	6.0	high	2606.0	1154.0	989.0	777.0	2276.0	117.0	6019.0
3d1c16a9-2729-4213-9d60-3fc34b4d9911	221.0	448.0	0.0	high	1.0	1194.0	1147.0	854.0	272.0	542.0	1231.0	1027.0	2790.0
3d4b05f4-cce7-4dcf-a17e-6172cb81febb	577.0	670.0	14.0	14.0	8.0	241.0	1666.0	823.0	387.0	463.0	2813.0	1715.0	5579.0
3d6546ee-5ed5-4c74-a62b-f3fb397e66c3	1634.0	1061.0	4.0	224.0	24.0	high	high	high	1021.0	959.0	3580.0	2299.0	6394.0
3db2ccda-ad2e-4c6d-932d-0df14befb266	336.0	550.0	2.0	16.0	0.0	1068.0	1026.0	589.0	613.0	372.0	1184.0	1173.0	6750.0
3dc960e0-9cdc-46d2-aba1-d5d02a764ef3	1490.0	883.0	2.0	184.0	13.0	543.0	1973.0	1232.0	694.0	863.0	2917.0	1574.0	2119.0
3e022a8d-d2d4-40e2-8119-e1e027fc5f77	41.0	84.0	0.0	65.0	3.0	284.0	167.0	206.0	96.0	52.0	246.0	304.0	1131.0
3e23d91a-21d1-49ea-955c-3a83300ecbbe	1075.0	1106.0	2.0	49.0	10.0	668.0	2088.0	1172.0	648.0	1245.0	3790.0	high	6604.0
3e43db02-7668-4a5e-8ffd-7df2ce478ffc	1202.0	high	high	21.0	high	147.0	high	599.0	1429.0	high	high	1398.0	2786.0
3f4c314a-57a9-483e-826c-e963a466ae57	72.0	245.0	0.0	3.0	1.0	247.0	371.0	137.0	141.0	115.0	422.0	244.0	680.0
3f96e15a-56f8-4546-95c4-f640c6629195	213.0	290.0	1.0	111.0	2.0	1327.0	774.0	1120.0	399.0	210.0	1052.0	1440.0	2088.0
40bae59e-f9a0-4c79-a146-c3be2d6f900f	615.0	553.0	9.0	40.0	24.0	1259.0	1055.0	1163.0	1015.0	1147.0	1872.0	998.0	5796.0
40fa17c0-c7e8-40df-8375-f1dde93d5e9c	high	1258.0	1.0	high	20.0	high	high	high	887.0	1309.0	high	high	high
411ef195-13d2-4c3a-b8df-b3e6150fe73d	161.0	316.0	0.0	40.0	3.0	1439.0	848.0	981.0	309.0	327.0	1151.0	1082.0	2961.0
412ee00f-b292-46e8-b178-aff532e65fcb	382.0	852.0	0.0	41.0	9.0	1132.0	2774.0	1273.0	595.0	474.0	3842.0	2321.0	3704.0
4167d62e-8d12-4cba-9198-157975a8ea25	314.0	275.0	0.0	high	4.0	718.0	821.0	407.0	257.0	228.0	1467.0	855.0	2839.0
41a9b39d-c8b3-4b5f-9c1f-952ac04cb441	404.0	476.0	1.0	high	0.0	1154.0	1957.0	802.0	467.0	514.0	1991.0	1570.0	4390.0
41bfdd27-c95e-48a1-9ea2-b3b3d9aacc97	high	high	high	131.0	high	749.0	high	894.0	high	high	high	high	high
42cd4100-63f7-4b36-a996-f7a6f69e6b57	1547.0	1501.0	9.0	176.0	17.0	1874.0	high	602.0	1151.0	1308.0	high	high	high
436c03fc-d558-45a2-8c7c-bbf123f0e415	890.0	695.0	6.0	high	18.0	811.0	1965.0	high	457.0	653.0	1997.0	1805.0	3994.0
4506583b-6956-48cd-ad3e-a94e4183bfd1	high	high	0.0	113.0	high	1077.0	543.0	high	high	high	high	high	3538.0
456e94a2-2a07-426c-9857-3d71647393a9	1474.0	1182.0	1.0	high	15.0	1351.0	2816.0	high	1110.0	1028.0	2650.0	1534.0	high
457ab960-e685-4103-97e9-4868dbc364a2	high	high	high	62.0	high	424.0	high	625.0	high	high	high	high	3712.0
45b0fc1b-6965-4a94-90a3-83033c553edf	high	high	high	high	high	high	high	high	high	high	high	high	high
45ba0a79-66ad-4fae-9212-086fc4b5c0be	845.0	1203.0	6.0	86.0	2.0	1694.0	2148.0	1223.0	693.0	738.0	2341.0	1574.0	7344.0
46591224-ceed-4db1-b30c-b8323034639c	781.0	939.0	12.0	high	1.0	702.0	785.0	577.0	927.0	730.0	1479.0	957.0	4134.0
470a6a57-b224-4cb9-99d6-f38b3c52350f	895.0	high	high	219.0	8.0	2139.0	2393.0	high	853.0	1124.0	3076.0	1812.0	high
47223194-1d72-4848-aa3b-221c9ffcd8fa	1480.0	1155.0	high	high	4.0	1367.0	1185.0	831.0	1381.0	958.0	1549.0	735.0	3471.0
477b8769-8e6d-408d-a1d6-a57ece08fb9a	1801.0	1001.0	0.0	high	13.0	high	high	high	800.0	972.0	3781.0	high	7195.0
477bea81-d5be-42d0-9d8f-42aefb4d090e	419.0	753.0	2.0	32.0	0.0	459.0	1489.0	622.0	672.0	398.0	1318.0	811.0	2093.0
4781cfea-da20-42ff-aefe-2eaa168f9e34	1098.0	910.0	8.0	88.0	16.0	1297.0	2384.0	1466.0	763.0	1008.0	2702.0	2039.0	high
47b63025-209d-4410-96d5-bd60f01a4ad9	high	high	0.0	29.0	high	732.0	414.0	high	high	high	high	high	6745.0
47b78d42-09f6-4191-a62f-8671c69f29a7	620.0	1036.0	15.0	8.0	21.0	662.0	1294.0	986.0	688.0	761.0	1714.0	1108.0	5241.0
48961cf0-8369-4e19-be15-9fabc29008f8	1459.0	1317.0	1.0	high	1.0	high	high	high	high	666.0	3789.0	high	5553.0
4ac61ffe-124c-44c6-842d-8bcf241b101f	428.0	1366.0	1.0	high	0.0	high	high	high	high	782.0	2568.0	629.0	4340.0
4b00e884-13b4-49ee-8076-68a576a0b7af	high	426.0	0.0	8.0	high	113.0	51.0	330.0	high	526.0	1525.0	304.0	597.0
4ba379c6-bfff-44fc-8c24-ecde87a78249	926.0	high	25.0	high	21.0	high	high	high	334.0	1271.0	3665.0	high	high
4bcd3ba1-02ac-4284-b4bf-cda59f2bc94b	1552.0	928.0	1.0	high	6.0	high	1175.0	836.0	1141.0	1068.0	3478.0	1867.0	3012.0
4cf322d0-afa6-4109-aa0e-a25e587619f8	high	901.0	0.0	165.0	11.0	high	high	1212.0	558.0	945.0	high	high	7689.0
4d237acd-a4fd-4590-900f-7349b435fff3	1698.0	1181.0	0.0	140.0	high	1811.0	2285.0	930.0	high	1035.0	high	high	high
4d5c8043-1add-495f-b0c9-166f79e89dea	high	811.0	2.0	high	3.0	617.0	high	1332.0	1009.0	861.0	high	1388.0	4296.0
4dbbeaaa-a820-4c1c-a1a9-d16f1c1040e0	509.0	867.0	14.0	182.0	9.0	731.0	1488.0	865.0	880.0	583.0	2067.0	1941.0	5813.0
4ddb9c57-3120-4ab3-9eaf-644b0e5a64fa	1415.0	1049.0	17.0	93.0	8.0	1717.0	890.0	1367.0	825.0	1064.0	1836.0	965.0	5165.0
4ee68361-8f6e-4cbd-abc0-1b0092de2460	35.0	102.0	0.0	45.0	2.0	293.0	164.0	310.0	163.0	42.0	225.0	247.0	635.0
4f90b784-1d8c-4dca-9302-712127ce6a9f	1064.0	1204.0	0.0	167.0	1.0	1524.0	2937.0	144.0	751.0	936.0	3580.0	high	2291.0
50232bfa-a012-42b1-97aa-2da7d0cb30c2	356.0	290.0	2.0	64.0	13.0	518.0	560.0	429.0	289.0	165.0	606.0	656.0	2525.0
50df857e-33c7-402e-ae42-6df5c8ea9a34	1633.0	866.0	0.0	high	33.0	high	high	1132.0	535.0	948.0	3730.0	high	high
51827714-d499-41cb-a21c-e0845fb8f444	1413.0	1079.0	1.0	68.0	29.0	524.0	2644.0	high	783.0	1290.0	3311.0	2221.0	high
526975f3-cec3-42d1-aa19-8df2d7f9fb5d	224.0	410.0	2.0	31.0	3.0	1214.0	961.0	487.0	411.0	267.0	1260.0	1034.0	4789.0
52b7ad50-c77a-440f-b84a-f535884848f4	832.0	1227.0	high	high	2.0	1697.0	2420.0	1493.0	710.0	1287.0	2505.0	1296.0	6552.0
52defb9b-4d00-4e24-a4ed-7a2742660ac6	116.0	164.0	0.0	10.0	0.0	455.0	638.0	262.0	148.0	165.0	324.0	126.0	869.0
52ff3499-fd89-4efd-a1d5-aa6400af197a	239.0	288.0	1.0	high	6.0	774.0	567.0	535.0	787.0	104.0	759.0	502.0	1447.0
5302caac-c374-4f48-9f94-9613cc7f7a94	180.0	293.0	3.0	35.0	11.0	840.0	557.0	761.0	403.0	239.0	920.0	888.0	1663.0
530bff57-a892-435d-94df-ddc7dbd45fb9	high	1098.0	3.0	high	21.0	high	high	1468.0	629.0	1013.0	high	high	high
534054c8-b88f-4b5f-b718-f4ca8484b83c	488.0	574.0	2.0	high	12.0	1341.0	1119.0	924.0	958.0	408.0	1196.0	1322.0	3371.0
53494104-fea8-48d7-881e-03c760435509	992.0	647.0	0.0	107.0	4.0	1333.0	1965.0	82.0	546.0	416.0	2808.0	1965.0	1701.0
53ab9977-2dae-4338-abe2-a0fdde405fff	573.0	386.0	2.0	194.0	5.0	1437.0	1417.0	826.0	277.0	416.0	1282.0	953.0	3773.0
53b142d5-e3b6-48ba-b8a0-44a385b2e153	1575.0	1056.0	3.0	high	20.0	1782.0	high	high	607.0	968.0	2493.0	1179.0	high
543d11e8-5149-4843-b904-11c4a0078e54	440.0	601.0	9.0	27.0	16.0	1057.0	1595.0	764.0	430.0	325.0	1656.0	1539.0	3473.0
543dd4ba-033b-49ea-bde6-b14dc8fb2913	247.0	451.0	3.0	45.0	7.0	1637.0	961.0	756.0	247.0	398.0	1011.0	774.0	3017.0
54aeec49-699f-4d71-b567-b8a68e216643	511.0	1301.0	3.0	high	9.0	1101.0	2045.0	989.0	1399.0	high	2933.0	1991.0	high
54c73151-7796-4392-83ec-c3bc7857533e	566.0	808.0	0.0	high	22.0	678.0	1803.0	746.0	498.0	402.0	2240.0	1498.0	3663.0
54f615f0-aa45-43a1-8ad8-098868fab3c3	990.0	574.0	5.0	125.0	7.0	2067.0	2930.0	199.0	1090.0	868.0	3916.0	high	2951.0
550847bc-9dab-4a7e-9e70-8d0fea7a7cad	1072.0	1206.0	4.0	high	0.0	1716.0	high	high	high	723.0	2762.0	2339.0	5929.0
56afa170-4280-47db-91c8-f3260e42c756	722.0	963.0	2.0	50.0	13.0	815.0	1224.0	822.0	724.0	664.0	2315.0	813.0	4539.0
56b924c9-299d-41a1-b3fb-38586051a26e	895.0	1266.0	19.0	high	0.0	1545.0	2443.0	high	high	713.0	2754.0	2408.0	high
56c23214-8903-47cc-8290-e8bd59f24d11	112.0	172.0	1.0	22.0	13.0	807.0	1339.0	1320.0	330.0	365.0	1284.0	959.0	2413.0
57824d48-ad20-4ed1-a5d4-e458e9a75b46	1143.0	1114.0	4.0	198.0	17.0	1695.0	high	1145.0	920.0	958.0	3059.0	2092.0	high
57c425f6-9625-407e-93b8-1d03858fd1f6	379.0	670.0	1.0	62.0	4.0	1039.0	980.0	784.0	477.0	520.0	1410.0	1217.0	3733.0
580959a1-736e-4dde-a794-b6f9dbc7e252	189.0	239.0	0.0	8.0	3.0	772.0	427.0	532.0	286.0	113.0	670.0	367.0	2108.0
58da6b71-02b3-44b5-9b20-c3233950abb2	1014.0	high	8.0	93.0	high	1289.0	2587.0	1249.0	high	1136.0	2577.0	984.0	7785.0
595f29fe-09ac-444f-a0f2-a9144112794e	high	955.0	14.0	high	high	641.0	314.0	817.0	high	398.0	975.0	815.0	939.0
5aa8c49f-b2e7-407a-bfa1-aaff68614f65	619.0	716.0	0.0	12.0	3.0	422.0	2825.0	170.0	440.0	537.0	3242.0	2244.0	4516.0
5ad58131-d9d3-4ea3-9d04-18cf480e1480	1213.0	1239.0	3.0	high	20.0	1612.0	high	896.0	711.0	high	high	2440.0	6171.0
5bb2c4a8-62c5-4238-bc2c-c4a34d374dfa	1486.0	848.0	27.0	151.0	35.0	801.0	1501.0	737.0	706.0	994.0	1855.0	1041.0	6436.0
5c5b5e90-ee6b-42ba-9918-246db0be7756	921.0	975.0	5.0	high	16.0	1511.0	2393.0	high	684.0	875.0	2642.0	1512.0	7591.0
5caf8b8c-95c4-4dd6-994b-04bba4b12bae	high	high	high	155.0	20.0	high	1981.0	high	high	1150.0	high	high	high
5cef1d55-a86c-4d5d-aa97-f52a7ec31b06	280.0	309.0	0.0	64.0	1.0	343.0	1620.0	450.0	286.0	294.0	1262.0	1167.0	1590.0
5d62d7fb-4ba1-4db6-89c6-49e30cc197ce	218.0	502.0	4.0	36.0	9.0	480.0	892.0	187.0	302.0	536.0	691.0	393.0	2781.0
5d7584ad-5f3f-4481-8767-2ce7cbe36bf6	high	high	28.0	198.0	1.0	2028.0	high	high	high	high	high	high	high
5daf6c21-bca3-4440-95d1-b4dc239f7911	1065.0	1141.0	9.0	high	17.0	1362.0	high	high	1083.0	1073.0	2832.0	1780.0	8025.0
5dd4f92e-720f-449d-8ead-d29dd528c402	high	high	high	206.0	21.0	high	high	high	high	high	high	high	high
5ddc718b-423a-4837-b159-35d9e90c4957	887.0	942.0	17.0	22.0	25.0	680.0	1924.0	592.0	517.0	905.0	1652.0	1187.0	6090.0
5df60bd2-914b-45bb-98eb-d3a188972e84	47.0	70.0	0.0	14.0	3.0	402.0	202.0	379.0	175.0	87.0	256.0	245.0	997.0
5e55a9e0-4235-48eb-8f74-0c1cdeeaf4d5	656.0	1069.0	13.0	69.0	4.0	856.0	1054.0	951.0	904.0	550.0	2435.0	1374.0	3306.0
5e7e2b3e-93f5-4a3f-b1d2-f9e0f58ef87f	1478.0	high	0.0	high	29.0	high	high	high	high	high	high	high	high
5eb29c68-1645-45ab-8c15-4d09285f4c9e	1396.0	1390.0	6.0	95.0	33.0	1641.0	2453.0	1441.0	1146.0	1021.0	2820.0	2227.0	6364.0
5f4a46f3-0fbe-4521-ab43-20bcb15793f1	1376.0	713.0	0.0	207.0	10.0	2082.0	2550.0	938.0	470.0	851.0	3054.0	high	high
60ef8c92-dcad-401e-b92e-09a51eb305f2	1272.0	927.0	0.0	90.0	2.0	2025.0	1948.0	1183.0	662.0	1012.0	high	high	5248.0
6100538b-9b33-4bfd-b12b-e8de0cbe3b4e	718.0	790.0	30.0	19.0	13.0	238.0	1057.0	644.0	613.0	832.0	1438.0	946.0	3163.0
61fdee26-e30a-4f49-a7f0-d5ceb7c28fd0	920.0	1172.0	23.0	126.0	1.0	1688.0	1996.0	763.0	883.0	594.0	2202.0	1233.0	5325.0
621fa7dd-6650-41b3-92bf-196bc67b43b7	high	791.0	0.0	high	0.0	high	1662.0	112.0	1021.0	924.0	4135.0	1516.0	1038.0
62884f50-b796-4894-b76e-4b8df0985ec6	high	1355.0	1.0	high	high	high	high	high	786.0	high	high	high	high
62f7b30e-9b6b-477c-97e4-808d434f6232	472.0	high	high	46.0	0.0	high	high	high	high	high	high	2387.0	high
64266f7c-cdd4-4718-bdd4-014ed664822b	592.0	556.0	0.0	high	0.0	high	999.0	99.0	641.0	350.0	1980.0	1779.0	2892.0
647ec81e-775b-42ad-bd83-286dfc4f91dd	426.0	697.0	3.0	11.0	14.0	577.0	1159.0	923.0	765.0	498.0	1915.0	1049.0	3893.0
6484ba83-32ed-492e-99c9-8f78f7b530e1	423.0	304.0	0.0	184.0	15.0	1483.0	735.0	730.0	282.0	179.0	2664.0	1129.0	3858.0
64f68454-a9e6-4828-a248-31008e115758	976.0	1226.0	0.0	22.0	8.0	1146.0	high	1027.0	608.0	1225.0	4004.0	957.0	high
65046b66-0b61-4106-83b0-0b6fa1982850	1228.0	1276.0	3.0	high	4.0	2008.0	2344.0	high	high	726.0	2507.0	1862.0	5994.0
652edda2-5f43-4461-a93b-b6e095c498f5	722.0	635.0	17.0	14.0	7.0	1377.0	1360.0	1051.0	628.0	1326.0	2030.0	651.0	4264.0
65b264eb-820a-49d1-b02f-00d1171b1544	1271.0	971.0	1.0	high	1.0	high	high	126.0	918.0	686.0	high	high	1724.0
65f0fed3-8b9c-4f73-9fad-78c9f2f5b7d3	991.0	805.0	6.0	55.0	0.0	1015.0	1466.0	1308.0	851.0	774.0	2581.0	330.0	4590.0
65fac9c4-d88b-4bd2-acc6-6707542bb716	1377.0	902.0	10.0	31.0	4.0	1129.0	2725.0	1112.0	707.0	567.0	2185.0	1208.0	6861.0
66905cb5-6459-48fd-b04c-bc69ac477228	898.0	766.0	0.0	58.0	2.0	1206.0	1471.0	1050.0	880.0	969.0	2623.0	1862.0	6323.0
66b73eaa-d174-4086-8286-9db6eeba1990	21.0	120.0	2.0	46.0	1.0	213.0	221.0	253.0	289.0	67.0	304.0	405.0	1065.0
676943d6-aa9b-4576-abb1-eeaf56850b0b	411.0	221.0	0.0	100.0	3.0	1303.0	867.0	114.0	268.0	208.0	1468.0	1314.0	922.0
677189b0-10f8-4b5d-b0b9-8b1101c8d1b1	852.0	720.0	1.0	217.0	1.0	988.0	1621.0	1100.0	722.0	504.0	2199.0	1582.0	6037.0
6869f997-6119-4a64-9dd8-4fe7266171e9	high	1229.0	1.0	high	6.0	high	high	high	811.0	1209.0	high	high	high
68917e07-a850-4ebb-9ae8-9044cccd023c	1528.0	1300.0	16.0	18.0	1.0	812.0	2201.0	1385.0	946.0	1331.0	2309.0	1774.0	high
6934650e-c547-452e-a953-54b7ee4177ec	634.0	456.0	5.0	41.0	3.0	313.0	987.0	532.0	216.0	311.0	964.0	433.0	2686.0
6973caf9-c302-4f40-b762-31c49a31f9d8	1207.0	561.0	0.0	207.0	4.0	465.0	1023.0	164.0	928.0	549.0	2804.0	1185.0	1761.0
699928b7-738d-44a8-bbcf-a8e58c34112f	575.0	336.0	2.0	high	1.0	816.0	794.0	344.0	448.0	391.0	3162.0	144.0	1432.0
69add746-94ce-4b57-bf7a-f80bf10bdc01	571.0	676.0	3.0	high	17.0	1488.0	1937.0	318.0	575.0	607.0	2309.0	1905.0	2907.0
69ccf4e3-15a5-4e1d-91af-402100e85349	1905.0	high	22.0	high	8.0	high	high	high	1095.0	high	3059.0	1573.0	high
6a163284-fd51-4538-b966-fd9d5b7c9202	1472.0	712.0	0.0	39.0	6.0	994.0	2015.0	295.0	1100.0	high	3352.0	1509.0	3231.0
6a230b11-afe5-4167-8b99-5db0781a362b	1167.0	1244.0	10.0	214.0	35.0	1598.0	high	1416.0	900.0	958.0	3743.0	1644.0	high
6a553a08-4a07-412d-bcb9-58eb1d90188f	1358.0	575.0	6.0	high	13.0	1533.0	2500.0	1073.0	796.0	1028.0	1299.0	1406.0	5383.0
6a5a5dfc-a905-4613-9c63-01282fe81b81	1593.0	684.0	11.0	64.0	14.0	965.0	1510.0	597.0	636.0	983.0	1633.0	987.0	4568.0
6a8837ae-657f-4892-bbfd-758161967afc	331.0	368.0	3.0	15.0	13.0	806.0	670.0	468.0	537.0	333.0	979.0	624.0	3029.0
6b113154-5a0d-445a-8c5f-dc36d102ef12	1269.0	671.0	3.0	99.0	4.0	664.0	2173.0	866.0	675.0	600.0	1811.0	1517.0	5358.0
6bf81928-1d79-4e7f-90e2-2ce92d23a889	high	1219.0	3.0	218.0	34.0	462.0	high	1042.0	806.0	high	high	high	high
6c26af65-bb77-411b-9d85-308b109764f9	512.0	350.0	1.0	48.0	0.0	481.0	808.0	703.0	346.0	383.0	1454.0	751.0	3037.0
6c49d9d6-05ca-4f54-a2a9-332bc90f9641	544.0	482.0	0.0	16.0	15.0	599.0	1445.0	683.0	532.0	375.0	1542.0	1130.0	3336.0
6ce84281-aa29-467d-94d1-c31fc43698cb	high	high	high	12.0	22.0	high	high	high	high	high	high	high	7895.0
6cf80607-4f94-497e-90f1-767d17e1564c	1773.0	1064.0	9.0	high	6.0	1492.0	high	1320.0	high	599.0	high	high	6741.0
6db2cdc8-d6e2-4cb1-a9f5-ec9b2e13d0cb	333.0	427.0	2.0	13.0	9.0	1270.0	679.0	560.0	459.0	225.0	1124.0	694.0	2639.0
6e0857d0-5a52-4d0a-9d4b-af9d2e5c4e77	1351.0	905.0	1.0	46.0	3.0	2001.0	high	349.0	810.0	1046.0	high	1972.0	6795.0
6e5674d0-9fae-4eff-9a46-ba1143f3dcf4	high	high	23.0	80.0	17.0	high	high	1379.0	high	high	3764.0	high	high
6e78bd1a-22cf-4f01-b4ce-3a624ebd4747	high	high	0.0	17.0	11.0	451.0	356.0	1343.0	high	high	high	1815.0	2616.0
6eb94cf0-fb12-4ecc-bf89-ff4c93e1c48e	291.0	200.0	0.0	88.0	0.0	444.0	958.0	82.0	356.0	333.0	1494.0	1464.0	620.0
6ec0647a-6f73-4c22-bed9-b65c2c4678da	380.0	485.0	4.0	89.0	5.0	579.0	1368.0	867.0	456.0	335.0	1852.0	1751.0	3436.0
6ecac4ca-88bc-421a-bdb6-ed0868b03e6c	1832.0	1152.0	7.0	232.0	10.0	1611.0	2572.0	high	1337.0	1139.0	3951.0	1103.0	high
6ee3efe2-1932-400e-8bc7-15362eb89136	947.0	945.0	27.0	48.0	10.0	1095.0	1343.0	925.0	481.0	754.0	1379.0	929.0	4224.0
6ef993a5-88b4-4c3f-90ef-18a19771bf7d	424.0	1105.0	12.0	82.0	9.0	1671.0	1273.0	1172.0	1026.0	1017.0	1832.0	489.0	4588.0
700b39f7-7588-4e44-b42d-8223d06b53aa	938.0	954.0	8.0	123.0	22.0	1165.0	2813.0	1196.0	763.0	781.0	2821.0	1939.0	7753.0
7079a45a-d00b-44f3-9b0d-8c686180966b	689.0	650.0	5.0	158.0	21.0	high	1365.0	1099.0	607.0	620.0	1569.0	1197.0	high
70eac580-5b5d-4ce0-8630-085e2e2c6b23	1120.0	557.0	13.0	59.0	8.0	293.0	1883.0	785.0	745.0	1125.0	2182.0	1345.0	4331.0
720ff723-a1db-483d-9b73-01e15068351f	1473.0	1024.0	4.0	180.0	29.0	1328.0	2374.0	1433.0	742.0	1028.0	2560.0	1763.0	high
721e02f7-d37e-430b-bd34-258b9c5442ef	478.0	792.0	6.0	60.0	7.0	611.0	1240.0	675.0	403.0	392.0	1566.0	1596.0	2723.0
72579862-a9da-4565-a077-269af17f9249	721.0	1056.0	7.0	high	6.0	2026.0	2216.0	high	high	964.0	2523.0	1931.0	5365.0
7284b6cc-f8bd-4e96-8638-90310fa5b8b8	983.0	759.0	19.0	111.0	4.0	1262.0	2174.0	752.0	587.0	585.0	1814.0	975.0	3525.0
72af5127-c87e-46e8-a031-0854773bddaa	1065.0	673.0	2.0	109.0	3.0	830.0	1195.0	1131.0	866.0	high	3064.0	963.0	4989.0
7321ea01-8e94-4dfe-b4b6-ab48a3a880f4	593.0	509.0	0.0	78.0	13.0	870.0	813.0	791.0	539.0	217.0	1681.0	1370.0	3398.0
7389dfaa-fa36-431f-a3b9-960b4fb9d836	575.0	1141.0	0.0	high	2.0	1583.0	1265.0	1126.0	1212.0	457.0	1952.0	1413.0	7199.0
73ba2db0-55f1-41ef-a9c3-e480caab4edd	57.0	109.0	0.0	61.0	3.0	270.0	257.0	261.0	191.0	65.0	483.0	371.0	1103.0
73c33abd-7906-474e-a086-2adf78c9b7a8	774.0	high	7.0	high	21.0	high	2930.0	1352.0	1019.0	high	2489.0	1935.0	high
74bac7fb-444d-480c-8a92-8dc427206c2c	1778.0	1054.0	1.0	37.0	2.0	1308.0	high	239.0	830.0	900.0	high	high	4671.0
74d0fe4a-e123-4c5d-b00e-9f177c64294d	1617.0	1301.0	16.0	22.0	4.0	1391.0	high	1231.0	822.0	1165.0	3684.0	high	high
74eabb02-90e8-4fa9-a6c6-ef82e8514e25	19.0	50.0	0.0	59.0	0.0	296.0	90.0	61.0	66.0	8.0	125.0	173.0	237.0
74fdc082-daf5-4254-99a4-56974d59e457	170.0	82.0	1.0	high	4.0	235.0	241.0	252.0	129.0	49.0	354.0	285.0	787.0
756b1010-09e1-425f-8682-f9f8144b3c4c	high	991.0	0.0	113.0	high	high	high	high	533.0	969.0	3776.0	high	5086.0
758569a2-8da1-436c-96dc-a806f797e510	1339.0	835.0	2.0	46.0	16.0	1273.0	1441.0	221.0	783.0	813.0	2222.0	1902.0	2936.0
75ad2c12-90b9-4e30-8c75-4e89704daf46	807.0	515.0	5.0	151.0	12.0	1228.0	1383.0	760.0	659.0	882.0	2512.0	767.0	3349.0
75b92663-674e-45ea-9ff8-cf3ce33f8839	473.0	1547.0	0.0	166.0	35.0	1505.0	1930.0	421.0	1024.0	1107.0	1585.0	high	2822.0
75e037bd-db2c-4b8c-ae76-aed6ecbe380c	1075.0	949.0	2.0	131.0	1.0	1423.0	1383.0	1037.0	1229.0	695.0	2107.0	701.0	6198.0
7653fe28-b91f-4fa5-9c34-8b8c3030faeb	803.0	1163.0	7.0	23.0	1.0	928.0	2051.0	high	666.0	889.0	2316.0	1615.0	7411.0
7672438d-3825-4b67-90fa-68364b42360c	321.0	359.0	0.0	37.0	2.0	901.0	622.0	764.0	377.0	396.0	901.0	579.0	2783.0
76d995c8-101e-4868-bb25-cf21a01f8642	945.0	1439.0	high	high	21.0	high	high	high	high	high	1226.0	1816.0	high
77528506-9698-483e-b019-d8b005aa3326	high	high	high	high	0.0	high	high	high	high	high	high	2134.0	high
78995174-28fa-4661-ad02-3e5bbaeac2c2	1932.0	high	10.0	226.0	21.0	1871.0	high	1318.0	1316.0	high	3741.0	1750.0	high
791f56f1-2e3c-42a1-bead-fe38e9000eae	848.0	919.0	10.0	67.0	4.0	1503.0	2068.0	932.0	832.0	922.0	2567.0	1909.0	5629.0
7b6985b9-fa94-42c7-9590-48ad6e2e7114	1569.0	933.0	3.0	98.0	0.0	high	high	206.0	659.0	676.0	high	high	2750.0
7c5659b4-8603-4c75-81c8-1d479f8d762e	high	high	high	26.0	9.0	high	high	high	high	high	high	high	high
7cba9b28-fd44-4211-b772-e3f1649f21b6	200.0	168.0	3.0	173.0	1.0	955.0	378.0	920.0	488.0	165.0	772.0	134.0	1899.0
7ddaddba-2af8-4679-b3b5-9901babe0057	1129.0	931.0	5.0	38.0	1.0	1110.0	1811.0	818.0	636.0	985.0	2070.0	1244.0	3834.0
7f04a807-65ac-4a97-a367-363334a28170	761.0	892.0	high	76.0	1.0	1808.0	1707.0	973.0	547.0	480.0	1444.0	1144.0	4595.0
7f1068d7-4a53-4fcf-95b4-8abf5e6f5692	404.0	262.0	0.0	110.0	5.0	high	1023.0	159.0	315.0	193.0	1457.0	1437.0	1087.0
7fa5c283-ed46-4ac7-afc0-5d609d5bfa5a	1120.0	high	19.0	164.0	4.0	1886.0	2255.0	high	high	high	2344.0	1699.0	high
7ff69d62-5ae1-4e06-9b38-6f416466ec70	873.0	1347.0	3.0	80.0	2.0	high	2217.0	916.0	673.0	1049.0	131.0	1203.0	high
806a4d03-fc17-4f66-9a1f-712b56695fff	675.0	731.0	1.0	154.0	8.0	1788.0	1979.0	906.0	high	615.0	3200.0	2126.0	3441.0
80d0adea-d970-4f97-ac83-122084c727a7	676.0	high	high	158.0	9.0	2124.0	2143.0	1363.0	high	high	high	1982.0	high
80f240dd-0e19-47f3-a454-60bf0f1e0d71	489.0	377.0	2.0	171.0	6.0	284.0	1125.0	510.0	418.0	221.0	1575.0	1057.0	2325.0
80ffc91d-2e74-4921-9ac1-a7c94482b90e	1843.0	1528.0	23.0	66.0	8.0	1648.0	1463.0	1246.0	886.0	796.0	3272.0	1678.0	4520.0
815fe2c4-9815-416b-b44f-9cd48c6aba89	high	764.0	0.0	192.0	9.0	high	high	1059.0	498.0	836.0	3420.0	high	6131.0
8165c64e-bff2-41f1-9ab7-a90beb4430de	62.0	128.0	0.0	22.0	0.0	390.0	152.0	206.0	73.0	66.0	285.0	300.0	1163.0
822091c7-86c2-4315-b6bb-d022149296d5	high	1463.0	6.0	high	high	1972.0	2170.0	high	1365.0	high	2618.0	1677.0	high
824e0db3-9c7a-4cc7-ae84-6319a4e53e86	1217.0	811.0	0.0	234.0	4.0	high	2608.0	110.0	956.0	758.0	high	high	1578.0
82aa9226-61c4-4cd7-9138-5199e7c85e6a	383.0	398.0	7.0	20.0	8.0	587.0	642.0	596.0	274.0	333.0	1681.0	1211.0	1884.0
82ab3359-565c-4360-ac4c-b02a7aec600e	high	high	high	20.0	high	1004.0	high	1178.0	high	high	high	high	high
831c4d7d-ade6-4bc7-b03a-011a16b42f47	1796.0	1095.0	6.0	high	14.0	high	high	high	1026.0	1009.0	1900.0	1482.0	3564.0
835d2360-3e00-4c3c-9d01-039a2915bd4c	1323.0	1118.0	2.0	high	7.0	1683.0	2889.0	1108.0	1005.0	962.0	high	high	high
853c7e88-d3c4-4074-aa85-17f63b3626c3	1347.0	775.0	2.0	73.0	31.0	1274.0	1968.0	324.0	941.0	1152.0	2810.0	1701.0	3116.0
85576648-5d5e-4044-b249-d7aac6bffc6c	240.0	301.0	0.0	139.0	4.0	905.0	343.0	701.0	273.0	311.0	1130.0	847.0	3325.0
858726eb-4770-4a63-ab51-39aa93b449f6	260.0	477.0	0.0	243.0	4.0	high	2282.0	1239.0	311.0	347.0	1803.0	1780.0	1812.0
85adb9cd-3a7f-452c-8804-8e0a0fc499a1	285.0	509.0	4.0	69.0	0.0	896.0	617.0	529.0	266.0	275.0	981.0	716.0	3103.0
85cbb7cc-5a2d-4e31-96be-88d538bac0d6	1557.0	723.0	1.0	36.0	1.0	600.0	1798.0	123.0	749.0	557.0	2752.0	1427.0	2038.0
867e6219-2843-4f2e-a5f7-e99b5bb5d7cb	1736.0	776.0	5.0	80.0	0.0	1031.0	2937.0	741.0	1451.0	1093.0	2068.0	998.0	4882.0
87150078-8a96-4999-ab9c-412008ef5259	1870.0	1002.0	6.0	195.0	35.0	809.0	2302.0	1147.0	1078.0	1240.0	2755.0	1839.0	5202.0
8787e4fd-785e-43db-981e-727a76723b14	high	903.0	high	138.0	19.0	863.0	1213.0	931.0	830.0	1105.0	2215.0	1006.0	4440.0
87a262f1-f67f-4c26-ad37-9f8b7b72fc97	957.0	1174.0	8.0	high	12.0	1540.0	2804.0	1128.0	968.0	1213.0	2967.0	2055.0	high
8820d985-4eaf-4915-b2ca-125e027626aa	751.0	500.0	0.0	188.0	0.0	1549.0	899.0	79.0	525.0	408.0	2074.0	2129.0	1142.0
88473424-2ecc-4684-af54-42d6fad65ad1	high	1362.0	0.0	high	14.0	high	high	high	852.0	1276.0	high	high	high
889bc749-1959-4f3d-8d6e-a6b7bf2fecb4	273.0	260.0	2.0	high	21.0	1161.0	777.0	647.0	344.0	179.0	1234.0	927.0	1839.0
89f7aaf8-322b-4659-9c15-f6f29d0e173c	1769.0	918.0	high	27.0	21.0	810.0	1562.0	1127.0	1251.0	1098.0	1232.0	1229.0	6795.0
8a9aa8db-f956-4442-9de9-c207109667da	high	high	0.0	high	high	high	808.0	high	high	high	high	high	high
8ac00cf3-69d6-46be-af59-10dd4b521fe0	425.0	602.0	2.0	64.0	4.0	918.0	951.0	897.0	573.0	419.0	1675.0	1418.0	4954.0
8b7acbfc-5614-45dc-99b6-bbcb34dfc32f	713.0	902.0	3.0	high	3.0	high	2581.0	high	high	781.0	high	1800.0	7795.0
8c0a35ba-ba01-4e11-892f-b38b31d9c483	475.0	426.0	4.0	13.0	7.0	302.0	650.0	461.0	496.0	435.0	976.0	859.0	3807.0
8c19e926-ff17-4187-8d76-27ced1deb81d	34.0	249.0	0.0	145.0	6.0	532.0	418.0	306.0	270.0	131.0	1380.0	987.0	1006.0
8da5734d-4299-46fb-9311-7d3499dd0510	1570.0	729.0	high	101.0	11.0	1317.0	1303.0	749.0	671.0	790.0	1937.0	1157.0	3529.0
8de9cb61-cdb8-47f3-8c83-8ebaac2d0cb4	1611.0	746.0	0.0	165.0	17.0	high	high	1268.0	622.0	716.0	3259.0	2440.0	7293.0
8e99133d-3ea3-49f1-9bf8-557c4425c5dd	914.0	751.0	5.0	177.0	20.0	587.0	1107.0	594.0	495.0	728.0	901.0	731.0	3865.0
8eabb842-d92f-4803-8992-db5b57fbdd51	826.0	819.0	18.0	19.0	2.0	880.0	1984.0	high	604.0	701.0	2564.0	2058.0	7571.0
8eaead17-aacf-49b0-9f62-30fb80df9df3	high	1110.0	0.0	234.0	9.0	high	high	1313.0	528.0	1151.0	high	high	5951.0
8f274599-5005-414e-8be2-d992fb1a10ce	913.0	1285.0	21.0	181.0	14.0	2007.0	high	high	high	1080.0	2310.0	1844.0	high
8f97852d-f08c-4062-af30-dfbe6ca7eba7	961.0	828.0	2.0	58.0	0.0	621.0	high	773.0	777.0	730.0	2276.0	2124.0	4677.0
9013a680-e9d6-42b2-bdeb-4e88b7006e4d	1490.0	1301.0	2.0	high	high	high	high	282.0	high	1108.0	high	high	4311.0
907887ee-f97b-4209-b341-d37e17fd1995	510.0	728.0	4.0	182.0	10.0	high	2947.0	high	1010.0	799.0	2607.0	2445.0	6574.0
90b8a6ce-af5d-48ec-8d64-6642b0882598	1894.0	high	high	54.0	high	649.0	high	545.0	1121.0	high	high	high	5059.0
90f0521e-aad9-41af-b5f4-fbb7a989d545	high	high	high	47.0	high	1817.0	high	high	high	high	high	high	high
91825c6a-b5ff-4082-aaca-cbd88a1f4c7a	1556.0	538.0	11.0	37.0	6.0	954.0	1254.0	825.0	744.0	1308.0	2361.0	734.0	4775.0
91a95c38-5ab7-4166-b4e7-64454cb3d06c	592.0	531.0	0.0	high	0.0	670.0	1556.0	872.0	401.0	298.0	926.0	794.0	2740.0
91c2ba37-efb9-4c61-a4ca-b13289330058	971.0	766.0	26.0	134.0	5.0	295.0	1261.0	1002.0	1150.0	1011.0	1870.0	1031.0	3679.0
9241b482-83dd-4af6-a29b-46df53716352	528.0	457.0	1.0	196.0	2.0	1302.0	1130.0	156.0	411.0	313.0	1842.0	1696.0	1414.0
927f51a6-ad62-43dc-8738-eba784ad8b70	875.0	1255.0	high	81.0	7.0	989.0	high	1252.0	971.0	782.0	2538.0	1811.0	high
928ab9a3-b688-4003-92eb-57280506fa65	559.0	971.0	1.0	145.0	9.0	1703.0	2799.0	high	high	1109.0	3763.0	high	3621.0
92bf2aa9-61cb-49e0-a941-18db0ac87383	556.0	369.0	0.0	89.0	1.0	609.0	1124.0	1310.0	596.0	407.0	1310.0	889.0	6188.0
9320a7d1-3c17-40a9-b632-defebb42b351	high	1078.0	1.0	230.0	16.0	high	high	high	728.0	1006.0	high	high	6026.0
932c358e-cf12-48eb-a76c-9eda7ab7e220	1224.0	high	high	7.0	7.0	1271.0	1605.0	808.0	high	high	2209.0	1120.0	7106.0
932db5dc-d38c-478c-8f8f-13b33282920a	858.0	440.0	1.0	225.0	6.0	high	2556.0	1432.0	388.0	496.0	2212.0	1913.0	4721.0
93ff6084-365a-480f-b181-00f8cda0c12e	422.0	783.0	4.0	105.0	6.0	712.0	811.0	706.0	1046.0	739.0	1874.0	960.0	3477.0
94c1ac66-a016-44fc-ad90-d74067ade7fa	187.0	229.0	0.0	high	8.0	844.0	481.0	770.0	332.0	206.0	674.0	529.0	2038.0
94f29a8c-1dcb-44ff-a96b-e9267ec84347	64.0	105.0	0.0	28.0	1.0	291.0	201.0	248.0	149.0	75.0	324.0	438.0	1657.0
951959ef-f8c3-4d93-b480-1dfac47aa64c	high	high	28.0	101.0	15.0	1600.0	high	1439.0	794.0	710.0	2490.0	1541.0	high
9553502a-98ec-45f8-a597-fc0d0217d2a8	393.0	596.0	0.0	131.0	10.0	1276.0	870.0	153.0	310.0	351.0	1952.0	1431.0	4592.0
962bc9cc-9173-4fb5-ac07-ae576e7eca76	high	1416.0	0.0	high	7.0	high	high	high	1044.0	1295.0	high	high	high
966b89c1-7201-4719-854a-d8a6ef35f9d0	547.0	282.0	0.0	8.0	0.0	1217.0	1181.0	169.0	480.0	567.0	2230.0	1180.0	1697.0
97dbbc5d-67e7-43a0-bc8f-d3425e0f3ce4	108.0	164.0	0.0	37.0	2.0	377.0	428.0	564.0	319.0	207.0	800.0	394.0	2285.0
97fb41bc-f5a9-4b70-b631-9da9ff44b5fd	1592.0	high	high	0.0	24.0	146.0	high	214.0	668.0	1150.0	high	2359.0	3103.0
98095f18-a770-4081-a20a-e4be6ad5082e	632.0	572.0	1.0	22.0	8.0	207.0	869.0	1129.0	518.0	834.0	2050.0	899.0	4142.0
982c34fb-e9cb-47b3-841a-850ad949cf41	130.0	123.0	0.0	46.0	0.0	357.0	577.0	80.0	104.0	93.0	712.0	794.0	847.0
985d5043-cf68-4f4b-bba1-1aa621ab20c9	high	high	20.0	107.0	14.0	1840.0	1593.0	198.0	high	939.0	high	2008.0	2467.0
987d0499-b384-49ea-ae28-a76194d85b4a	968.0	513.0	4.0	161.0	0.0	1018.0	1279.0	872.0	637.0	962.0	1816.0	619.0	5804.0
98ae0373-d3ad-4918-a25b-8b9ff4c5f12d	1653.0	1054.0	0.0	high	5.0	786.0	1532.0	216.0	964.0	1222.0	3648.0	2334.0	3701.0
98d93661-14c4-4878-b10d-86c9516bfd24	1613.0	1280.0	9.0	146.0	8.0	high	high	1347.0	1016.0	983.0	2747.0	2306.0	4939.0
99574ba2-7ddc-4626-9480-d23745b14273	158.0	268.0	0.0	191.0	9.0	379.0	509.0	1153.0	289.0	135.0	1483.0	943.0	1730.0
9a6cef0c-1db2-4ec8-9918-b261ce6f5a86	500.0	354.0	0.0	7.0	2.0	713.0	943.0	150.0	283.0	262.0	1668.0	1132.0	1093.0
9ade3932-9032-46d6-8171-c34a0dc51fce	418.0	335.0	0.0	28.0	2.0	1273.0	1570.0	108.0	179.0	441.0	1872.0	1463.0	908.0
9afe56f7-2570-4358-8734-5c94e10e83d1	345.0	332.0	0.0	10.0	12.0	1213.0	768.0	726.0	187.0	392.0	1218.0	957.0	3726.0
9b40ac83-028e-42bc-b3d0-bcfec5e9e6fb	451.0	316.0	1.0	242.0	7.0	329.0	622.0	659.0	453.0	188.0	1391.0	873.0	2245.0
9c1722f7-0125-48c9-9951-71d7729d951a	1574.0	high	1.0	high	2.0	782.0	high	high	high	1045.0	496.0	1797.0	high
9c40ef24-ff74-4f0b-850a-38de94a90c75	247.0	409.0	0.0	high	14.0	1049.0	704.0	704.0	552.0	249.0	1647.0	1187.0	2355.0
9c7aace8-8a77-41a5-914a-cc5f9917053b	670.0	384.0	0.0	93.0	3.0	1303.0	920.0	201.0	602.0	516.0	1658.0	1283.0	2039.0
9ce2bb36-5b1e-4a58-bc5e-dc072b217ba4	388.0	326.0	0.0	high	9.0	583.0	1391.0	802.0	304.0	326.0	1976.0	1406.0	2175.0
9e159c7f-39ac-4051-83db-983d3aeba5a9	815.0	686.0	2.0	67.0	4.0	862.0	2475.0	1024.0	1082.0	622.0	2123.0	1528.0	3051.0
9e57a9b2-1a21-4bb8-8852-9a2239d3b688	high	high	high	high	0.0	high	high	high	high	high	high	high	high
9e632342-a45b-4bd1-87d1-0e53a32f4c18	351.0	371.0	1.0	21.0	0.0	660.0	962.0	534.0	323.0	233.0	1113.0	749.0	2822.0
9ee4aa81-4dcb-40f3-ad68-106a05740f9d	1803.0	1082.0	high	20.0	17.0	1485.0	1490.0	919.0	1227.0	high	1779.0	926.0	5423.0
9ef88bb5-07dd-43ce-9bc2-d5fe1167b972	762.0	1349.0	high	8.0	8.0	1988.0	high	high	764.0	1025.0	3095.0	2026.0	7294.0
9fd15f97-1b2f-4d38-a123-957cd720a776	756.0	660.0	3.0	48.0	14.0	1097.0	high	high	1256.0	755.0	3371.0	high	7752.0
a06c89f2-be32-4102-b126-45dcfd364dae	1715.0	897.0	0.0	237.0	high	2094.0	2206.0	1451.0	774.0	1117.0	3522.0	high	high
a0e68d0a-51ff-4b2b-a9b6-499f26651bc7	908.0	high	high	23.0	0.0	1995.0	1688.0	874.0	high	978.0	1858.0	1203.0	6942.0
a0e79791-1fef-4c5b-bbcf-7c12464e1fd4	1585.0	712.0	8.0	49.0	7.0	787.0	2099.0	276.0	1100.0	895.0	2514.0	1536.0	2636.0
a11f48e9-775c-420a-99d1-04b1a5bc1419	1769.0	897.0	0.0	204.0	7.0	high	high	1184.0	819.0	750.0	3377.0	high	6763.0
a1efa511-8c27-4eae-b3f0-aebacbf7df85	high	high	5.0	78.0	23.0	696.0	high	high	1311.0	1291.0	3072.0	1850.0	high
a1fb3d08-f698-442d-94c0-0d1c03f81a64	852.0	715.0	5.0	23.0	22.0	207.0	1185.0	549.0	503.0	730.0	1325.0	957.0	4531.0
a2a4b9b5-7d9e-41fa-8d59-6447d62134ea	1724.0	1134.0	13.0	134.0	15.0	1635.0	high	high	1268.0	1024.0	1326.0	high	high
a31c742c-328b-47a7-bcd4-6958706afe87	200.0	481.0	0.0	15.0	0.0	1714.0	1264.0	638.0	398.0	380.0	1224.0	865.0	6197.0
a3205a5c-e22a-4a1d-91eb-48d2d4e51e97	172.0	462.0	0.0	84.0	1.0	499.0	1612.0	132.0	217.0	298.0	1873.0	1344.0	1029.0
a35a1dfa-f6f1-486d-9e6a-72658918f06f	1178.0	995.0	2.0	high	21.0	1562.0	2124.0	1156.0	1197.0	650.0	2139.0	1348.0	7747.0
a44fa392-54c2-48b0-b342-e3e9e8340a8f	418.0	356.0	0.0	158.0	2.0	567.0	1212.0	469.0	237.0	245.0	1523.0	923.0	2597.0
a567f93a-c7c2-40eb-a6fa-c2252f8ac9ab	1117.0	893.0	0.0	high	4.0	high	high	904.0	719.0	785.0	3537.0	high	6995.0
a570b2ac-a4ea-439f-a90b-39b84fd4cae0	1692.0	989.0	1.0	high	high	high	high	high	773.0	1005.0	high	2015.0	high
a6307b70-2831-447d-ae24-b0454ef867e9	1208.0	1281.0	3.0	high	24.0	high	2756.0	1490.0	1380.0	1129.0	2608.0	1941.0	7624.0
a64548d5-604d-4c26-81c0-9928eb95b0d0	406.0	282.0	0.0	75.0	0.0	1078.0	1023.0	185.0	302.0	261.0	1620.0	988.0	1572.0
a666a0f3-e5ed-40b5-b425-5fe0190d30dd	280.0	243.0	0.0	43.0	0.0	174.0	922.0	221.0	153.0	124.0	876.0	497.0	1057.0
a699ac84-2b1c-4cea-99f2-62d8873b4940	1015.0	653.0	1.0	171.0	23.0	1980.0	2033.0	876.0	405.0	760.0	2704.0	2226.0	high
a69dcef1-a951-4b7d-a468-1b46227216cf	422.0	355.0	4.0	15.0	1.0	800.0	615.0	480.0	217.0	249.0	886.0	696.0	1925.0
a72776f7-9845-4fb4-9bc0-5d60ccd7fb95	1228.0	823.0	7.0	116.0	8.0	1238.0	2476.0	1351.0	980.0	592.0	1464.0	916.0	5436.0
a761bdb6-4b37-46aa-8d37-11ead152b70f	132.0	262.0	0.0	high	2.0	575.0	520.0	431.0	124.0	273.0	537.0	465.0	1486.0
a7629665-cecb-46cd-acc7-a4fecee2ee5c	high	high	21.0	108.0	high	1338.0	high	1136.0	high	high	high	high	high
a77adf63-487b-476e-bd33-903005c1dba9	542.0	669.0	0.0	high	2.0	879.0	2051.0	822.0	723.0	354.0	3068.0	1941.0	3817.0
a7affc28-aba2-41ab-8f5c-be859ae055dc	319.0	272.0	6.0	209.0	2.0	449.0	1080.0	670.0	275.0	299.0	1125.0	155.0	3036.0
a815f542-7648-4bbb-8598-9c4fe51ecbfc	639.0	1260.0	high	37.0	29.0	956.0	1286.0	708.0	980.0	963.0	1420.0	925.0	5873.0
a8391733-18a4-4720-9912-d060ef58d745	900.0	681.0	2.0	129.0	8.0	1987.0	1735.0	64.0	731.0	418.0	3248.0	720.0	6211.0
a8f23a47-08cd-4ebd-835b-4ca4b86fe6ff	1314.0	898.0	16.0	90.0	5.0	448.0	2020.0	1362.0	734.0	624.0	2134.0	1211.0	6421.0
a8f98e4a-9a0c-4124-ba75-c8365612a0ee	1586.0	961.0	20.0	142.0	21.0	386.0	1935.0	843.0	1165.0	high	2725.0	1381.0	7133.0
a906629e-77fa-4444-b275-b7ae6074ecec	760.0	682.0	3.0	54.0	11.0	868.0	1693.0	762.0	546.0	688.0	3167.0	2105.0	5031.0
a99d57f4-b2d3-4373-883f-1b409e73fd46	1274.0	879.0	0.0	high	12.0	1946.0	1675.0	388.0	877.0	841.0	3884.0	high	high
aa12b89c-6964-4602-9455-07c2be1f2762	443.0	608.0	14.0	36.0	0.0	639.0	1004.0	750.0	582.0	548.0	1402.0	863.0	5693.0
aa35c5aa-8435-4269-9891-fac36b6e4928	1213.0	1026.0	1.0	171.0	31.0	high	high	high	1017.0	945.0	high	high	5771.0
aa43daad-64f6-4543-b458-a60d4ba7dcf5	294.0	239.0	0.0	128.0	18.0	402.0	1907.0	449.0	254.0	261.0	799.0	761.0	1748.0
aa518008-3f26-471e-9299-91709a7806ba	1444.0	676.0	16.0	140.0	36.0	378.0	1319.0	976.0	653.0	1080.0	2129.0	922.0	3601.0
aa6286a7-a5c2-447c-9919-553649a9c50c	1161.0	942.0	30.0	49.0	2.0	1355.0	1674.0	685.0	570.0	1336.0	1812.0	734.0	4001.0
aac08efd-3649-4b78-bb52-420b3e99b8e6	581.0	599.0	5.0	16.0	0.0	783.0	2454.0	1016.0	387.0	854.0	2290.0	1200.0	5025.0
ab176f75-6709-457e-af63-d2883ecb9be7	356.0	426.0	0.0	26.0	5.0	1237.0	1489.0	495.0	557.0	447.0	1757.0	1587.0	1115.0
ab6d59e0-21c2-4273-b094-3596d1b8b825	400.0	1488.0	12.0	20.0	16.0	1688.0	1391.0	high	high	1242.0	2369.0	2018.0	7477.0
ab852bfc-823f-4926-bdf3-ab0c921d76df	916.0	992.0	13.0	20.0	20.0	450.0	1501.0	753.0	769.0	895.0	1522.0	601.0	4896.0
ac06b430-d5ba-4f7b-b5ba-efa9cef1b798	1313.0	high	7.0	high	14.0	885.0	1647.0	1413.0	1359.0	710.0	2692.0	1918.0	high
ac157de6-56c4-42e1-adfa-46cb153f0e4e	892.0	820.0	15.0	69.0	14.0	374.0	1535.0	668.0	751.0	997.0	1432.0	943.0	4447.0
ac731d82-8a46-4e68-baba-401977b5ac9f	1163.0	653.0	7.0	high	1.0	1860.0	2368.0	922.0	447.0	780.0	1984.0	1417.0	4553.0
acb15575-875b-467e-8517-fa1f618e0d05	1159.0	606.0	1.0	12.0	34.0	886.0	1012.0	1496.0	634.0	877.0	3166.0	1266.0	6726.0
ace5e022-7942-4654-9967-bdd2c013dfdf	426.0	837.0	20.0	8.0	16.0	497.0	1081.0	948.0	941.0	885.0	1426.0	925.0	4699.0
adb1af0e-75e6-4a9f-924e-c8e05e69085c	high	1493.0	9.0	187.0	15.0	high	high	497.0	1319.0	1258.0	high	1815.0	5551.0
adcab898-861a-42f8-aa50-7b111222c019	647.0	830.0	1.0	1.0	11.0	1472.0	1621.0	1285.0	448.0	737.0	2551.0	1286.0	6480.0
aeeb1ad3-06cd-419e-a1ee-a3fe1c45932f	317.0	434.0	2.0	20.0	0.0	1099.0	561.0	612.0	535.0	243.0	1255.0	698.0	3688.0
afc66963-6f8d-4d99-a008-d44065e1cacf	1781.0	1486.0	24.0	40.0	2.0	1463.0	2787.0	high	1219.0	high	2698.0	1715.0	high
b03ee962-4866-4e02-bba9-357e1542b3ca	1771.0	1028.0	0.0	218.0	7.0	high	high	1069.0	529.0	751.0	3492.0	2022.0	7471.0
b0595fa6-6c48-4add-b4b7-69c6425bf780	1428.0	1437.0	9.0	61.0	8.0	1256.0	2309.0	1286.0	845.0	783.0	2347.0	1613.0	6991.0
b064b6be-4152-4737-8158-caa0454cf41b	1489.0	1089.0	2.0	high	high	1499.0	high	high	1197.0	729.0	high	high	5534.0
b0cdf7e1-d464-4016-a8f8-b52a2a2a59bd	64.0	183.0	0.0	51.0	2.0	161.0	192.0	99.0	114.0	60.0	308.0	286.0	298.0
b0f02da2-1d7e-4a4c-844c-6cccbc1d4d3a	1229.0	340.0	0.0	59.0	31.0	365.0	66.0	550.0	474.0	178.0	562.0	321.0	212.0
b168cdcd-5516-4d22-a0cf-57a2d7c274ec	510.0	650.0	0.0	212.0	1.0	2108.0	2886.0	1482.0	881.0	633.0	3060.0	high	5129.0
b18dafa7-46e3-45da-ba05-c9941305056e	241.0	608.0	0.0	13.0	0.0	1305.0	797.0	153.0	497.0	566.0	1156.0	426.0	1238.0
b1b311b9-aae9-4f5d-b9df-60acd9f43c0b	335.0	459.0	2.0	36.0	6.0	1185.0	1451.0	1031.0	395.0	697.0	1369.0	1136.0	3905.0
b1fb79bc-84d4-4ad7-8a25-ce3b419311dc	1007.0	702.0	13.0	152.0	19.0	969.0	1551.0	893.0	806.0	558.0	2163.0	933.0	3429.0
b20b4d3f-ad07-4f36-9071-2b2c3a664ae2	217.0	631.0	0.0	27.0	1.0	66.0	404.0	1371.0	570.0	224.0	1491.0	785.0	641.0
b2c13f06-0588-4d2f-b869-91ea5d80b8fb	776.0	875.0	11.0	high	15.0	996.0	2390.0	high	725.0	940.0	3435.0	1824.0	6371.0
b2edd86b-860a-4420-9be8-a19d0405f6b0	849.0	1501.0	7.0	47.0	7.0	794.0	1829.0	high	813.0	951.0	1960.0	1623.0	high
b315758e-62d1-408b-9510-fc0a4294f7ec	high	1059.0	1.0	high	14.0	high	high	1169.0	818.0	1061.0	3826.0	high	high
b33612a7-64eb-4a55-8460-6a562c880c55	749.0	1169.0	3.0	high	17.0	high	2402.0	1250.0	1171.0	599.0	high	high	7806.0
b372b1ae-2345-4243-8bcd-47388289559f	high	1141.0	2.0	high	5.0	2004.0	high	high	high	1267.0	3120.0	2412.0	high
b37a8647-0491-4116-a43f-be49d201181b	high	high	25.0	high	11.0	high	2897.0	high	high	high	high	high	high
b397a5bf-171b-4cd2-9dfe-774f24b5f200	375.0	455.0	1.0	high	5.0	1275.0	1517.0	421.0	247.0	297.0	1682.0	1232.0	546.0
b3a02b21-38d4-44cc-9c83-2281f99d1563	high	high	21.0	112.0	high	622.0	high	1035.0	high	high	high	high	high
b3bec9bc-73c9-41c9-beb2-68a5f06ee2ef	374.0	394.0	3.0	11.0	2.0	306.0	1837.0	284.0	218.0	366.0	1617.0	1234.0	949.0
b3ebddcc-1177-40a7-baa5-51000c1b7123	72.0	113.0	0.0	39.0	1.0	284.0	177.0	367.0	178.0	65.0	541.0	839.0	1960.0
b4078ab3-1bf1-4d55-b00c-ce8b02166629	230.0	239.0	0.0	34.0	6.0	636.0	956.0	327.0	151.0	134.0	1097.0	804.0	1178.0
b41c1914-0771-4d0a-b56e-41f712e65bf9	1013.0	870.0	2.0	75.0	3.0	763.0	high	1274.0	956.0	1089.0	3354.0	2140.0	high
b445f10e-9c4c-4c72-a61b-78134e80fa2c	1831.0	1215.0	high	56.0	23.0	285.0	1255.0	796.0	1344.0	1163.0	1660.0	492.0	5946.0
b5505337-9196-4790-bc5c-838b218a695e	1340.0	792.0	1.0	49.0	17.0	550.0	high	1375.0	826.0	1054.0	2549.0	1492.0	high
b553a433-8cad-4eef-9110-574433755319	273.0	428.0	1.0	104.0	1.0	1392.0	1294.0	716.0	401.0	405.0	1334.0	1321.0	2890.0
b57c8c2c-f54b-4ae9-a8aa-1db269362f1f	1439.0	939.0	1.0	38.0	2.0	995.0	1575.0	202.0	692.0	1055.0	2731.0	1512.0	2076.0
b6174575-c328-4148-bd77-665e9002f492	346.0	390.0	1.0	43.0	9.0	539.0	711.0	599.0	254.0	329.0	1395.0	873.0	3015.0
b6296fb4-a5b8-48eb-9ac1-cf5eb09c34b9	898.0	939.0	0.0	high	high	735.0	high	1264.0	772.0	954.0	3963.0	high	high
b6977a7a-b2aa-4943-8173-4e955e51e05e	381.0	336.0	0.0	53.0	3.0	992.0	1158.0	197.0	296.0	328.0	1513.0	1308.0	1369.0
b69c2c4b-59c7-46b8-8d79-4023081b5d45	high	high	high	207.0	high	high	2012.0	high	high	high	high	2183.0	high
b6fac77d-3e92-48e1-bafa-917cb6a2a381	505.0	637.0	0.0	high	3.0	574.0	1626.0	929.0	641.0	733.0	2298.0	1576.0	high
b71a9539-73e5-45a1-95fe-7ab4b130dd63	168.0	272.0	0.0	146.0	0.0	724.0	512.0	617.0	438.0	170.0	1132.0	792.0	1443.0
b7361545-c3a4-4208-aaed-72e4e5282d2f	608.0	687.0	9.0	24.0	4.0	915.0	1623.0	929.0	617.0	430.0	1655.0	1324.0	3944.0
b75759fb-230c-4811-b2bd-fd05f8f33311	1391.0	1026.0	0.0	105.0	4.0	886.0	1219.0	298.0	1060.0	1016.0	high	693.0	4732.0
b7752772-2720-4f19-a763-15a54e6d8bc6	1550.0	953.0	0.0	high	1.0	1004.0	1994.0	88.0	1122.0	627.0	high	high	3034.0
b7aa491d-f50f-4f9b-b8ac-1572cd6cd1ef	1898.0	high	high	33.0	23.0	357.0	high	877.0	high	high	high	high	7095.0
b7ae76e9-8699-4140-be62-88b2ba64e184	594.0	394.0	0.0	25.0	4.0	700.0	2722.0	487.0	243.0	251.0	938.0	427.0	2833.0
b81f3990-fd37-46b3-a1e9-2e992594d7db	182.0	182.0	2.0	21.0	0.0	328.0	415.0	456.0	188.0	144.0	464.0	475.0	1340.0
b84848ff-2be3-4de9-b413-a1df82d46085	616.0	732.0	0.0	38.0	1.0	901.0	2548.0	172.0	465.0	557.0	2170.0	2212.0	6207.0
b8cb5dc2-3a97-4023-bbd8-1bcafbbc6dad	971.0	1008.0	12.0	106.0	17.0	1383.0	high	775.0	1229.0	1004.0	2128.0	1576.0	4953.0
b91f5802-022a-4414-8c40-466787b36793	573.0	398.0	0.0	56.0	0.0	514.0	1375.0	128.0	387.0	396.0	1925.0	1756.0	1435.0
b95db8b9-7ca6-481d-9912-f8d83f542560	523.0	438.0	1.0	35.0	7.0	827.0	1105.0	688.0	366.0	434.0	1475.0	1080.0	2267.0
b97a37c0-eda8-44c5-9bd2-606a708bdb75	high	893.0	0.0	high	16.0	high	high	1052.0	611.0	874.0	3773.0	high	high
b98be00b-80ae-42f7-952b-36f78618d764	806.0	522.0	3.0	13.0	6.0	416.0	1061.0	833.0	935.0	1021.0	1522.0	531.0	3220.0
ba4ed4b0-664f-4773-ac2b-52821a614dfd	1886.0	1170.0	0.0	220.0	high	1365.0	2090.0	high	610.0	high	high	high	high
bb24863f-4b09-46ac-aacc-4073cad3a7d8	73.0	190.0	0.0	165.0	10.0	1500.0	432.0	522.0	210.0	55.0	840.0	535.0	419.0
bb68c3db-3157-4e95-af5f-f7a7a38e40e1	1204.0	677.0	1.0	91.0	0.0	high	1900.0	130.0	572.0	586.0	3724.0	1251.0	2733.0
bb6cdb4c-198d-4908-a2cc-c1e760083aa8	high	1421.0	1.0	195.0	high	high	high	high	1198.0	1207.0	high	high	high
bba0553b-afd2-470f-b0f3-a31ef377e62d	high	high	16.0	34.0	14.0	564.0	1189.0	190.0	1065.0	514.0	3514.0	1339.0	1879.0
bbdcb071-7d15-4264-a8c9-d57487c035cf	1193.0	1370.0	0.0	high	5.0	high	high	high	1137.0	847.0	high	1615.0	5100.0
bbf14b7d-4875-4ee4-80fe-d76d5b2c3a06	431.0	412.0	1.0	46.0	0.0	838.0	893.0	512.0	328.0	303.0	859.0	751.0	2362.0
bc33c89a-af22-49da-b042-d0d74d058ac9	1455.0	399.0	0.0	169.0	2.0	1476.0	1578.0	323.0	897.0	828.0	3064.0	1040.0	3453.0
bca8964a-a5c1-47b4-a53d-db8e8b71b9d9	high	high	0.0	223.0	high	1655.0	550.0	high	high	high	high	high	5801.0
bcd03012-2f1c-4e2b-b2ed-833ff561a30f	1163.0	865.0	1.0	high	4.0	509.0	2509.0	835.0	865.0	741.0	4121.0	1558.0	3876.0
bdb54e47-4d66-4ca2-9709-e17c808c606f	high	920.0	1.0	237.0	24.0	high	high	800.0	499.0	804.0	2673.0	2044.0	4966.0
bdc3b4bb-dea2-4e41-b297-51540a68e68c	1821.0	high	6.0	33.0	high	1876.0	2957.0	high	high	high	3597.0	2450.0	high
be636d1c-edb1-427b-8c42-cbb8cc819f34	251.0	175.0	0.0	122.0	5.0	668.0	1332.0	158.0	172.0	229.0	1408.0	1212.0	845.0
becb812a-90b7-4b6f-ad39-5a0b7179b523	1181.0	1297.0	13.0	178.0	4.0	609.0	2003.0	781.0	1010.0	668.0	1515.0	1278.0	6216.0
bef5f052-9d4c-47a8-82be-3a1bfb991448	266.0	269.0	0.0	47.0	22.0	605.0	677.0	635.0	221.0	243.0	1165.0	842.0	1856.0
bfb91635-bf2c-4311-8b57-33c15b520869	1268.0	1453.0	high	49.0	26.0	830.0	2500.0	high	high	high	high	1525.0	4668.0
bfd11b30-5f99-448c-8901-02ebb96cec5d	1953.0	980.0	3.0	60.0	3.0	1148.0	2450.0	322.0	high	702.0	high	high	3157.0
c1467372-92b2-451e-a45f-42e25c5dcf37	64.0	181.0	0.0	13.0	0.0	267.0	326.0	266.0	161.0	116.0	529.0	359.0	1353.0
c24b2096-358b-417f-9c1f-23c3a51c3bf9	263.0	463.0	3.0	134.0	high	553.0	1315.0	609.0	415.0	414.0	1383.0	484.0	2983.0
c2dcb66e-6fa3-44c6-8820-2482009de447	high	760.0	1.0	218.0	5.0	721.0	1209.0	667.0	1084.0	1320.0	1158.0	591.0	5904.0
c303e27f-7109-4ef5-b6a6-da6071a4a76d	1257.0	1026.0	1.0	32.0	27.0	847.0	1465.0	521.0	942.0	1219.0	2962.0	1333.0	3653.0
c352def2-b28b-45f1-be0e-0fab2671fda2	248.0	482.0	5.0	high	19.0	927.0	1407.0	871.0	690.0	310.0	1274.0	967.0	high
c403bbb5-2dae-4004-a088-acfc29bca2d2	477.0	536.0	0.0	77.0	4.0	609.0	1211.0	116.0	541.0	508.0	2708.0	1948.0	1311.0
c476e501-9bad-43b1-8a9a-393b06dcefb3	140.0	166.0	0.0	24.0	1.0	284.0	287.0	261.0	171.0	156.0	713.0	495.0	588.0
c4ac41f0-1880-4fc0-a9e9-69856a6c373d	719.0	538.0	8.0	85.0	0.0	1165.0	1254.0	971.0	417.0	520.0	1241.0	970.0	6183.0
c5a8d31c-5a09-4d40-84a6-545eb0115c0f	148.0	219.0	0.0	23.0	14.0	746.0	801.0	544.0	217.0	172.0	886.0	669.0	2369.0
c5f88d68-c755-403c-97a1-d0863d06a56b	64.0	139.0	1.0	3.0	6.0	372.0	333.0	300.0	201.0	122.0	495.0	391.0	832.0
c63c52c9-82ba-46f8-bd0c-9459f25e98f2	1251.0	766.0	1.0	226.0	10.0	high	high	1083.0	970.0	834.0	3130.0	high	high
c6688171-4c26-4e27-baa5-34c51fb1fc48	1460.0	1394.0	16.0	102.0	16.0	2138.0	2503.0	1416.0	592.0	high	high	1654.0	6232.0
c679154e-df11-4b05-9584-76437286d2ee	431.0	393.0	2.0	86.0	5.0	820.0	1160.0	802.0	422.0	373.0	1487.0	1119.0	2543.0
c6ff24b1-acb8-4cdb-9b65-75ab96c7dcbd	high	high	0.0	27.0	high	968.0	1304.0	high	high	high	high	2160.0	4774.0
c720993c-c50a-4223-a7af-4c1b7114557a	751.0	1504.0	26.0	20.0	0.0	high	1560.0	993.0	775.0	735.0	high	high	high
c741f3fd-133d-470c-8021-cd3432c61ad0	high	high	4.0	1.0	24.0	1000.0	high	1138.0	high	high	high	high	3425.0
c834cb75-259c-40bd-93cc-48f9756cc47a	633.0	881.0	3.0	61.0	11.0	1781.0	1914.0	1127.0	1088.0	775.0	1521.0	1551.0	high
ca487c44-794e-4f2d-9882-575a7df963d7	1085.0	765.0	19.0	155.0	4.0	512.0	1217.0	807.0	456.0	906.0	1625.0	647.0	3829.0
ca6f8a64-1475-4106-aa00-7d0db7d138d7	1467.0	860.0	2.0	145.0	23.0	1989.0	1651.0	796.0	929.0	1109.0	1540.0	1181.0	6759.0
ca8ebe77-f2b6-40e2-8f20-0bf350cd3722	1782.0	631.0	15.0	12.0	13.0	1772.0	1539.0	681.0	570.0	1045.0	1634.0	459.0	5017.0
cb1968ee-bacc-48b0-8bf5-541a4a178461	549.0	488.0	0.0	59.0	15.0	803.0	1493.0	928.0	431.0	378.0	1712.0	1418.0	3800.0
cbdb3ec7-c304-42c4-92ed-71adce5a0af1	high	high	1.0	10.0	12.0	high	2937.0	1493.0	863.0	high	high	high	high
cc01ff43-77ea-43a2-9180-d7b40ac6b26e	1409.0	high	4.0	high	high	790.0	2449.0	high	high	1166.0	2932.0	2230.0	high
cc33c8e5-223d-444a-9977-49c3081cb8a7	951.0	1336.0	5.0	31.0	11.0	high	2131.0	1288.0	624.0	1081.0	2435.0	1785.0	4892.0
cc5db49f-0ccf-403f-854c-8b12aa7ee528	1281.0	795.0	28.0	39.0	21.0	1116.0	2213.0	978.0	745.0	high	2374.0	1236.0	7604.0
cc6e41a2-f851-4a1a-a7b7-91db1076d6ee	high	1163.0	0.0	166.0	22.0	high	high	1174.0	659.0	1181.0	3715.0	high	high
cc7b8015-fab8-444e-92d4-df119de11a05	691.0	942.0	6.0	74.0	18.0	1234.0	high	high	1261.0	566.0	3071.0	high	5054.0
cca7879a-744d-488a-a2e9-67dd4a40946d	1378.0	1322.0	24.0	28.0	0.0	1026.0	2832.0	high	1033.0	914.0	2618.0	1301.0	high
ccadeefd-7561-47b7-b58a-e09f688c65e4	1844.0	high	10.0	high	3.0	high	high	125.0	927.0	1104.0	high	high	6771.0
ccb73e74-b33e-4c1a-bf12-e148f15244a8	1171.0	464.0	0.0	9.0	3.0	1535.0	1468.0	high	931.0	high	2839.0	864.0	3629.0
cd10bd5e-b75b-4d47-a103-9c259dcf1a19	1060.0	1283.0	high	45.0	high	522.0	1853.0	704.0	958.0	high	3869.0	high	3279.0
cd3ed542-e30f-46a9-9ad5-51af33188505	311.0	389.0	0.0	59.0	high	1138.0	940.0	293.0	325.0	317.0	1314.0	302.0	3433.0
cd7ab148-0328-4e3d-8874-5808ae0d9fc2	247.0	163.0	0.0	16.0	1.0	499.0	340.0	34.0	196.0	68.0	561.0	345.0	415.0
cd80bd53-f441-45be-ae9a-ab5fd78b092b	953.0	high	2.0	13.0	5.0	910.0	1833.0	high	1155.0	964.0	3516.0	high	high
cd8eec4e-4692-42a2-99bd-11744a97eb38	496.0	616.0	5.0	77.0	29.0	1257.0	2181.0	1102.0	1027.0	1333.0	1306.0	838.0	6768.0
cda82959-b9cb-4366-be08-ba8d8324d977	399.0	735.0	8.0	86.0	2.0	1000.0	768.0	737.0	696.0	295.0	962.0	789.0	2920.0
cee77d7f-4428-4df1-8532-7782481459a1	high	high	9.0	211.0	12.0	high	high	high	888.0	high	3393.0	734.0	5369.0
d04bd284-1b23-40ab-a130-3d0c5af42600	high	high	0.0	17.0	high	1184.0	423.0	high	high	high	high	high	high
d07e6f35-2d7f-4bac-804f-a182d09efab5	1189.0	837.0	0.0	159.0	16.0	high	high	high	594.0	1241.0	high	high	high
d0b39c4a-a06f-4c52-84b4-3c6483651685	high	1186.0	1.0	high	19.0	high	high	1366.0	850.0	1171.0	high	high	high
d13d6e92-a41f-423d-80dd-ac8381f53b00	1710.0	1020.0	0.0	high	5.0	high	high	high	712.0	977.0	2982.0	1950.0	high
d2aee6c3-29d3-44ef-96a5-b0a2d23dcec5	546.0	high	13.0	high	1.0	1528.0	high	high	high	high	3117.0	high	high
d2bb361b-c78c-482f-b4d4-bd77ac7c0f37	high	high	3.0	64.0	11.0	high	high	1259.0	high	high	high	high	5692.0
d33869b3-583c-4c67-ba8f-bb91e9368b32	1483.0	1089.0	high	54.0	6.0	756.0	1241.0	745.0	523.0	1311.0	1556.0	984.0	4624.0
d343ce81-b7e8-4fe8-97a9-8dc632dd7b5d	516.0	511.0	0.0	20.0	0.0	175.0	813.0	327.0	348.0	155.0	1155.0	635.0	1250.0
d36ca98a-b08d-4312-9f2a-15d32598a42c	1614.0	920.0	1.0	high	7.0	1138.0	2694.0	98.0	495.0	609.0	3182.0	high	1344.0
d3980bb6-edb0-482e-a8fb-2da0d0ca36d9	877.0	511.0	0.0	117.0	6.0	high	high	946.0	492.0	445.0	2803.0	2055.0	4087.0
d39b6aa9-f123-4112-aef8-7265aa8374b0	231.0	261.0	2.0	38.0	3.0	707.0	485.0	613.0	419.0	278.0	732.0	750.0	2149.0
d3e953a0-3907-4c8d-bcf7-27767ef1e2d5	603.0	435.0	0.0	105.0	0.0	1076.0	2155.0	143.0	493.0	400.0	2272.0	1574.0	1118.0
d404d207-4e4f-4c5d-b6b7-b576fa6f92c4	1221.0	1107.0	high	141.0	5.0	224.0	1531.0	957.0	786.0	1158.0	1906.0	1065.0	4215.0
d49d7f13-243f-4840-97bf-371d862c8de5	559.0	335.0	0.0	39.0	4.0	952.0	1332.0	523.0	262.0	369.0	1747.0	1297.0	1591.0
d4c7e604-3e4b-4d11-9754-2bd3848c1c16	1435.0	609.0	4.0	12.0	1.0	903.0	1298.0	810.0	483.0	high	2122.0	752.0	3205.0
d4ff0ec0-ec67-4364-b5bc-738df8c4cf7c	1008.0	680.0	9.0	48.0	7.0	702.0	1195.0	835.0	1283.0	982.0	1515.0	1191.0	4089.0
d6af00a8-d733-4788-aaf4-8522479eba2d	125.0	115.0	0.0	23.0	1.0	462.0	427.0	346.0	185.0	122.0	415.0	249.0	1133.0
d6cff9b4-6b57-4ad9-8325-92d1232c7f39	458.0	565.0	0.0	39.0	3.0	1114.0	1237.0	998.0	694.0	449.0	1415.0	978.0	5476.0
d73fc90a-5ebf-4b72-ad87-c13c7e5b8bb7	384.0	504.0	7.0	56.0	1.0	901.0	1398.0	785.0	457.0	409.0	1437.0	943.0	3714.0
d77dfe53-77dd-46c9-80a4-19d343e8ee36	37.0	87.0	0.0	8.0	2.0	153.0	169.0	68.0	88.0	42.0	275.0	506.0	666.0
d843095b-5bb1-4d7d-9c31-abffe8d05317	1614.0	high	high	29.0	2.0	1675.0	2942.0	high	high	high	3201.0	2169.0	high
d84aa7f4-7210-4121-9e4a-e6000d30ff90	high	high	high	96.0	high	1330.0	high	high	high	high	high	1295.0	6901.0
d89e982a-339a-4b21-8b1d-591ae329507b	64.0	70.0	0.0	54.0	0.0	455.0	184.0	187.0	157.0	34.0	409.0	491.0	1135.0
d929abca-261d-4bab-bf64-ddf1bbcdb78d	530.0	575.0	0.0	high	31.0	1214.0	1547.0	407.0	601.0	399.0	1908.0	1754.0	3261.0
d9c85ce8-73b4-4100-8ec0-193677f11da0	858.0	781.0	1.0	high	21.0	high	1332.0	917.0	818.0	567.0	876.0	854.0	4373.0
da670207-560b-42d7-a906-bd9d590b631a	865.0	767.0	5.0	33.0	12.0	513.0	2692.0	1239.0	674.0	539.0	2288.0	2221.0	5126.0
da8c975b-65b4-4e9d-a919-16da8d5a7b1f	183.0	452.0	0.0	high	3.0	857.0	601.0	442.0	259.0	346.0	1204.0	1024.0	4221.0
daba767c-5d22-4de1-81ba-8ad8f5626465	460.0	258.0	1.0	61.0	1.0	890.0	751.0	624.0	325.0	438.0	973.0	908.0	2734.0
dabb0e59-8a93-4aa7-8ed2-b6bd22184740	731.0	703.0	high	13.0	11.0	680.0	1147.0	1222.0	1099.0	1251.0	1938.0	1142.0	5590.0
dc0b07cb-49fb-44d0-b4d0-e99d50532d6d	1062.0	679.0	0.0	74.0	13.0	high	high	1353.0	722.0	793.0	3500.0	high	5990.0
dc483ad4-8346-4fd9-a2b9-5c5f463353ce	1443.0	988.0	12.0	63.0	10.0	790.0	1675.0	970.0	1072.0	1018.0	2910.0	1008.0	6207.0
dcffa84a-e1e8-4003-a612-4ec5eee48b95	1356.0	758.0	2.0	95.0	27.0	645.0	1523.0	1041.0	814.0	high	3334.0	1425.0	6024.0
dd68d3db-7da4-432a-ae28-e151b12b3b1f	high	high	3.0	15.0	0.0	high	high	28.0	high	high	high	high	4222.0
ddb546a8-f159-40d1-abb9-5e319a5a1aa0	1687.0	1042.0	2.0	101.0	20.0	673.0	2369.0	871.0	781.0	1219.0	4061.0	1188.0	6144.0
dde6631e-ef66-4db4-a7cb-be94f4b9c4fd	1081.0	813.0	4.0	high	10.0	531.0	2718.0	943.0	508.0	657.0	2618.0	1548.0	2700.0
de0f7996-1854-4b32-a2f9-1c99484b9e54	high	high	9.0	111.0	high	799.0	high	1307.0	high	high	high	high	high
de5db4af-433b-4328-a9f9-35f601e1a74e	high	high	0.0	19.0	high	1441.0	379.0	high	high	high	high	1808.0	3490.0
de842417-f80c-4b0a-b34e-ef3fad9cd301	high	1269.0	12.0	high	14.0	1696.0	high	high	1400.0	1119.0	high	high	high
df3c4835-b180-43ee-a78e-4937d932a582	360.0	195.0	0.0	64.0	0.0	191.0	569.0	223.0	142.0	155.0	560.0	440.0	872.0
df410102-8821-4bff-825a-c169897b3b99	308.0	237.0	2.0	97.0	0.0	278.0	1049.0	645.0	276.0	280.0	999.0	775.0	2175.0
df576078-a659-4121-b85a-94acabc2c0f9	1101.0	926.0	0.0	36.0	high	725.0	1068.0	1294.0	359.0	484.0	2771.0	high	5900.0
df5f2430-dabe-4f19-bf81-379b46233ab4	302.0	411.0	0.0	93.0	6.0	556.0	944.0	588.0	289.0	347.0	1150.0	1049.0	1938.0
df89fa3d-9988-495e-836a-8306b66585a3	1220.0	1142.0	6.0	153.0	30.0	884.0	2530.0	1239.0	650.0	633.0	3090.0	1741.0	5437.0
df9cf517-4084-4868-80e8-99b812f585af	high	1428.0	0.0	26.0	high	494.0	167.0	1284.0	high	1301.0	2156.0	737.0	1639.0
dff97726-0d19-4c0e-bb91-009f543fb5e2	high	high	high	158.0	2.0	746.0	2553.0	1501.0	high	980.0	2106.0	247.0	7390.0
e0309257-877b-4676-85d3-d4e0d5854328	high	high	high	high	10.0	high	high	high	high	high	high	high	high
e065cd2d-aecb-4c38-ae7e-70ec3da7430f	862.0	679.0	5.0	125.0	6.0	1299.0	high	high	1218.0	605.0	2084.0	2156.0	1863.0
e119e5f6-aac4-4ccb-9cf1-78085f1821a9	294.0	252.0	1.0	14.0	0.0	481.0	996.0	600.0	329.0	354.0	954.0	756.0	2273.0
e13db05c-4f9c-4cd8-a2bf-cf25a6612801	1276.0	high	high	15.0	2.0	1561.0	1075.0	713.0	high	1001.0	3296.0	1866.0	3157.0
e19c9f8e-bace-4426-a047-696dd58f9fe2	751.0	634.0	3.0	133.0	9.0	374.0	2703.0	1157.0	898.0	579.0	2230.0	1349.0	4320.0
e1bda03e-0c86-4b1d-a711-420ee75d6ebd	1076.0	828.0	0.0	69.0	2.0	high	2551.0	143.0	1139.0	770.0	high	high	1962.0
e265c9e0-a147-4ed5-9c2a-d8005142845c	1155.0	681.0	9.0	96.0	5.0	530.0	876.0	769.0	679.0	872.0	1789.0	758.0	4061.0
e2a9c773-efc2-46a3-a043-bb2985dc83e2	high	1065.0	5.0	high	4.0	1788.0	high	1264.0	812.0	1104.0	2903.0	1011.0	high
e2fae914-bd0d-4881-b908-22841ba19e1e	1833.0	high	high	75.0	high	high	2438.0	1149.0	high	high	high	1907.0	6462.0
e32dba1a-e823-407a-8030-a1fcea2e906a	738.0	1232.0	5.0	38.0	23.0	1947.0	2829.0	high	947.0	634.0	3064.0	2396.0	4403.0
e3526436-feca-4475-95d2-cdb1f861dac9	367.0	478.0	1.0	14.0	8.0	292.0	884.0	534.0	570.0	287.0	988.0	778.0	2214.0
e3679172-2a5d-49e3-8bcd-0266a2a21fd9	615.0	662.0	11.0	13.0	33.0	715.0	1236.0	high	771.0	1234.0	2038.0	862.0	7523.0
e4d2b690-806e-405b-97e3-a651fd3e74a5	564.0	1551.0	4.0	102.0	8.0	1038.0	1808.0	high	1280.0	748.0	2920.0	1508.0	3917.0
e522d4f6-2e88-4132-9599-36c4f6e7aaa6	high	high	0.0	high	high	1567.0	159.0	high	high	high	high	2309.0	7254.0
e6a92bc0-16a4-4c2e-9507-228debb50ad6	high	high	high	16.0	high	1205.0	high	1186.0	high	high	high	high	7698.0
e7eed773-b87c-4138-8d0e-72c85d85509b	649.0	571.0	2.0	152.0	7.0	562.0	2397.0	high	580.0	329.0	1662.0	1950.0	4554.0
e7f1cfd1-b136-40e1-b443-f29af7283fb4	991.0	587.0	22.0	71.0	23.0	1468.0	1524.0	1153.0	804.0	1008.0	2949.0	1065.0	3201.0
e8890508-2f98-460e-91f6-b03e3e213823	675.0	1352.0	14.0	61.0	high	1921.0	high	high	906.0	1195.0	high	606.0	high
e8c55bee-e33c-4d7c-b100-65e3413bea12	400.0	1332.0	7.0	70.0	2.0	1861.0	2335.0	high	552.0	880.0	2097.0	1277.0	7505.0
e8d266ba-0e62-4e19-ac28-93a56041a8b3	high	high	high	162.0	0.0	high	high	1395.0	high	high	high	high	7761.0
e929b260-859e-4e7f-b93c-bb8f966b92d5	356.0	1381.0	2.0	27.0	9.0	1657.0	2361.0	high	1234.0	1168.0	3839.0	high	6814.0
e9ada76e-3e51-4363-bcdc-839be51e35db	1118.0	1123.0	high	232.0	27.0	684.0	1255.0	731.0	1009.0	849.0	1352.0	825.0	6145.0
ea1466b8-63d7-4429-9d8c-be0b481349c0	1708.0	926.0	high	24.0	15.0	940.0	1747.0	945.0	877.0	1162.0	1715.0	898.0	5260.0
ea26486f-efa5-427f-ba0c-e1868773dcb6	807.0	944.0	12.0	181.0	14.0	1208.0	1561.0	high	high	1119.0	2205.0	1833.0	high
eaa3364f-2b25-449e-8852-c7a6bdaa455f	446.0	764.0	8.0	114.0	3.0	1512.0	1733.0	high	855.0	566.0	2541.0	2183.0	3817.0
eb39fa39-ad3c-406f-b6dc-86b68419877d	high	1060.0	0.0	high	8.0	high	high	1225.0	785.0	889.0	high	high	high
eb6fd4ad-1537-4dae-b13a-8ac7925d50f8	high	high	high	115.0	9.0	764.0	1824.0	1302.0	high	high	high	1952.0	6814.0
ebbc8d10-625b-4d9d-904f-6b0f4d2b557d	high	high	high	234.0	2.0	high	1344.0	1248.0	high	high	2907.0	1773.0	high
ebe82d8c-d8d1-4938-a9e5-9ef562c07367	1793.0	high	7.0	high	6.0	high	high	364.0	high	1164.0	high	high	5363.0
ec9db2fa-3020-45a0-8400-1fa607fdbf05	598.0	652.0	4.0	high	1.0	1861.0	1544.0	116.0	537.0	428.0	2909.0	1953.0	7960.0
ed0ffe0c-0094-41b3-86aa-20492e0d0157	high	high	high	81.0	high	469.0	high	1006.0	high	high	high	high	high
ed2c4083-4b61-48b0-9c0f-e0c0421c16b9	365.0	824.0	6.0	107.0	1.0	403.0	626.0	325.0	323.0	238.0	500.0	396.0	2594.0
ed423f7e-dd0d-41b3-b35c-31bf4396546e	1563.0	655.0	5.0	66.0	13.0	615.0	2740.0	1411.0	779.0	high	3472.0	1435.0	7737.0
ed428ab3-822a-4dbb-9dae-be7e71949b48	646.0	1077.0	10.0	34.0	27.0	1376.0	high	high	670.0	869.0	1918.0	1411.0	4066.0
ed60e9c4-79ee-46f0-95fb-db16430f344a	166.0	245.0	0.0	161.0	3.0	465.0	426.0	341.0	293.0	110.0	670.0	485.0	2287.0
ed6b41f6-88de-486d-89b3-62a2bbcab933	154.0	353.0	3.0	48.0	6.0	860.0	926.0	573.0	359.0	351.0	1218.0	783.0	3577.0
edab0ea1-ba72-441c-b35d-081dbfb58661	1311.0	1030.0	0.0	56.0	6.0	1698.0	high	1494.0	638.0	1143.0	2706.0	2200.0	high
ee35fc92-bfb2-4542-8786-61a896709de8	42.0	111.0	0.0	6.0	1.0	180.0	152.0	270.0	199.0	69.0	313.0	440.0	1110.0
ee9928b8-17fa-450c-8897-42fc700c1c98	44.0	42.0	1.0	13.0	2.0	69.0	41.0	35.0	25.0	19.0	91.0	66.0	199.0
ee9a460d-1b5e-451e-8b4b-7608a21f093d	1440.0	741.0	0.0	high	8.0	high	high	1048.0	623.0	693.0	3310.0	high	3935.0
efa27197-3932-42d1-8cb5-aac1133ca080	579.0	663.0	21.0	63.0	7.0	670.0	1031.0	770.0	600.0	1258.0	1685.0	827.0	4241.0
efdcda8a-26eb-4b7b-accf-df08c81e5135	1849.0	954.0	1.0	high	high	2143.0	high	high	1234.0	1067.0	high	high	high
efe4c597-71d5-4a06-849a-782d2d0d841e	1375.0	1420.0	8.0	185.0	high	494.0	2135.0	high	915.0	high	3985.0	high	high
f011f33d-53c0-40b6-8368-f771155f287e	251.0	246.0	0.0	52.0	0.0	1305.0	671.0	132.0	397.0	261.0	1836.0	1385.0	1873.0
f01575cb-c8fa-4a21-9e61-768d25cabc58	high	high	high	106.0	high	1489.0	high	high	high	high	high	high	high
f0454026-bc1e-4f6b-ba65-645a1a126298	1611.0	1545.0	13.0	high	13.0	high	1956.0	1368.0	1323.0	1183.0	2230.0	1238.0	6716.0
f07b4823-d4e5-49a5-964e-8f98b03ec5af	596.0	1172.0	high	45.0	1.0	868.0	930.0	494.0	1346.0	1197.0	1859.0	1127.0	5143.0
f0da29bd-6e1f-43f6-90f6-1c6dd9934977	402.0	337.0	0.0	8.0	1.0	751.0	753.0	150.0	491.0	368.0	1688.0	1083.0	1015.0
f15bfb93-71dc-4593-9ef4-e5e909a8fe64	1508.0	897.0	1.0	high	15.0	high	high	1284.0	541.0	683.0	3111.0	2268.0	4831.0
f189c788-1619-4fbf-b458-82a9c804e074	1104.0	590.0	21.0	30.0	12.0	714.0	1531.0	1225.0	738.0	898.0	1877.0	1157.0	4110.0
f1c92755-1e8f-4bdb-bcc9-d0c93d0b9467	811.0	712.0	0.0	high	1.0	1803.0	1871.0	80.0	827.0	514.0	3509.0	2467.0	1371.0
f1ef36b0-4034-486b-bb33-c17be39641c4	1169.0	703.0	3.0	29.0	4.0	955.0	high	1077.0	960.0	1055.0	2849.0	1937.0	6585.0
f1f6c248-708f-4d69-909a-ba75eec1c752	1221.0	618.0	0.0	25.0	3.0	331.0	2294.0	1416.0	809.0	568.0	2500.0	2417.0	4774.0
f22b9830-6c68-4680-91d8-ed37f042ca4e	1241.0	1035.0	22.0	26.0	2.0	1724.0	2397.0	high	high	high	2687.0	1745.0	7803.0
f29d3d45-b381-4fe5-af7a-eab8a4d010f4	1121.0	629.0	0.0	159.0	0.0	high	1774.0	238.0	751.0	628.0	3562.0	high	2473.0
f50449e1-3056-4704-9e69-61d0ac859b07	890.0	573.0	0.0	10.0	0.0	1602.0	1506.0	1148.0	704.0	532.0	3103.0	1913.0	2828.0
f5ed57e4-11b2-4d3c-9f70-b08e82526306	1933.0	high	high	83.0	13.0	high	2248.0	1294.0	high	1298.0	2882.0	1872.0	high
f6187446-84f1-42a5-81cd-75bc009a223a	520.0	624.0	2.0	24.0	0.0	353.0	2160.0	782.0	409.0	505.0	2117.0	1699.0	4090.0
f61f7fba-0254-4e9a-b334-b15bba0cf7b9	1255.0	1034.0	6.0	237.0	13.0	2043.0	2680.0	1053.0	1181.0	958.0	2060.0	1310.0	6960.0
f6ee3045-d3fb-4641-99d8-f1ecc13b3e2e	1610.0	801.0	0.0	198.0	8.0	high	high	high	575.0	863.0	4049.0	high	high
f71f1d9c-23e1-445f-80d1-455fae13ca09	309.0	420.0	2.0	72.0	6.0	679.0	1040.0	818.0	404.0	348.0	1211.0	1090.0	4005.0
f723420c-2ff1-4742-a4bb-8f525aaa43a7	1445.0	960.0	18.0	53.0	15.0	1002.0	2689.0	1495.0	923.0	1052.0	3486.0	2250.0	high
f72de22c-defa-4fec-b689-85c0629e8f77	287.0	288.0	0.0	228.0	5.0	1382.0	1275.0	758.0	630.0	327.0	815.0	771.0	2234.0
f734fe25-4ce9-4baa-80f7-46c676d9b267	1113.0	1077.0	2.0	80.0	6.0	1012.0	2603.0	126.0	1326.0	777.0	4042.0	high	7654.0
f7615b8b-ab4b-47cc-9f55-c15c0cdc3e72	1189.0	815.0	0.0	175.0	4.0	890.0	1932.0	1238.0	1060.0	1120.0	3021.0	1024.0	5618.0
f82830d3-3399-41a8-806e-974fb3255d67	334.0	461.0	0.0	78.0	7.0	1111.0	702.0	553.0	414.0	324.0	986.0	888.0	2216.0
f8554600-a893-4226-a527-c4839f1bf33b	1221.0	1216.0	0.0	high	high	680.0	high	high	640.0	1307.0	3153.0	high	8038.0
f8903180-77d4-4d01-aeaf-a48fdc48db7d	1355.0	711.0	2.0	186.0	7.0	976.0	2885.0	1181.0	962.0	981.0	2388.0	1509.0	7696.0
f894d952-ea6f-4e16-8c67-4f51bd2b8940	999.0	847.0	29.0	58.0	15.0	733.0	1078.0	705.0	860.0	1140.0	1550.0	1046.0	5412.0
f898b5cb-124c-4725-981a-819f15e87176	619.0	848.0	5.0	105.0	7.0	1050.0	1147.0	1148.0	1110.0	518.0	1895.0	1226.0	5612.0
f8c9f623-fea7-4608-ac73-342e1c349647	491.0	1007.0	1.0	7.0	7.0	1211.0	912.0	1019.0	1311.0	553.0	1764.0	1506.0	4753.0
f8cae66d-f3c3-46c3-84e9-0c58013747d8	1520.0	1411.0	high	64.0	25.0	750.0	1775.0	998.0	1026.0	high	2693.0	1848.0	high
f8e889d1-f5de-4f1e-af61-ffe68f5e98cd	1566.0	1127.0	7.0	109.0	2.0	1645.0	2698.0	1297.0	653.0	768.0	2521.0	1617.0	3764.0
f90ba917-21bf-4822-bc55-00f933c9ec34	high	1129.0	2.0	225.0	high	high	high	1321.0	907.0	1152.0	3875.0	high	high
f9171012-0462-4796-a87b-bdad96cdb9f4	713.0	605.0	6.0	14.0	31.0	982.0	1952.0	1096.0	746.0	517.0	2010.0	971.0	3006.0
f98a844c-7e1d-40bd-876f-a0bbd5cac902	high	1082.0	2.0	high	17.0	1877.0	1584.0	165.0	high	high	3876.0	1980.0	1917.0
fa47ff29-f023-4246-b0a6-dd223719647a	914.0	1027.0	24.0	25.0	7.0	664.0	1704.0	600.0	934.0	844.0	1502.0	1220.0	3992.0
fa8437f1-e5a4-4aa9-a233-424dc3303880	high	1520.0	high	132.0	high	1030.0	2019.0	1310.0	high	high	3653.0	1697.0	high
fb6ca177-100e-4b2a-8a8f-b127b058a11c	449.0	378.0	9.0	20.0	7.0	935.0	1335.0	436.0	230.0	422.0	1026.0	675.0	2480.0
fb71c222-4a08-420a-8cc0-17c28d3a5261	high	high	high	101.0	12.0	high	high	high	1267.0	high	3199.0	1989.0	high
fbba778e-fd6d-4da5-a0b2-99d7dcc047d6	446.0	306.0	0.0	40.0	0.0	800.0	965.0	598.0	390.0	315.0	996.0	684.0	4725.0
fbf0b466-f383-441f-84ff-2513b6792b90	high	high	3.0	high	13.0	1504.0	2888.0	high	high	high	high	high	high
fbfcb42c-bf3b-4b4e-95f9-a4f171593c2e	high	high	high	high	7.0	1639.0	1004.0	high	high	high	high	high	high
fc084c37-52f5-4b88-b962-8d27bf42d99c	1873.0	787.0	0.0	181.0	8.0	high	high	1144.0	595.0	785.0	3099.0	2407.0	5754.0
fc126b30-78fd-4350-a7ef-05127cddc78e	1107.0	902.0	14.0	20.0	high	564.0	1645.0	977.0	715.0	1296.0	1975.0	1365.0	4764.0
fc576c96-455b-412f-b70d-f491c22b42f9	1483.0	1410.0	15.0	186.0	0.0	1740.0	2042.0	high	high	752.0	1292.0	high	high
fce8e7c5-f4f8-4d2e-8b55-a8a73d5524eb	high	high	high	82.0	high	1508.0	high	1418.0	high	high	high	1458.0	5409.0
fd97077f-d9c0-47ec-82bf-0334720b01f6	1724.0	high	high	high	9.0	high	high	high	high	high	high	high	high
fdceffa7-a393-45e6-98f2-f3292d1a38ea	41.0	125.0	0.0	121.0	1.0	695.0	182.0	358.0	197.0	44.0	334.0	180.0	852.0
fdd8e1d5-7004-419d-aaa3-d759799be4b7	1313.0	1108.0	25.0	41.0	19.0	1033.0	1089.0	848.0	1258.0	992.0	1480.0	1064.0	4629.0
fe1af065-a8a2-43c0-82a8-8b8f2ee217a1	high	high	0.0	high	high	high	953.0	high	high	high	high	high	6022.0
ff05f6eb-bec7-48b8-a468-d286e2b76986	1821.0	high	high	31.0	5.0	high	2338.0	high	high	high	2879.0	858.0	high
ff119a75-c47a-40bd-ac85-95725e40629a	392.0	635.0	1.0	89.0	1.0	1744.0	2080.0	high	high	715.0	high	high	4498.0
ff2dac33-4531-4e98-8da4-959ec3443552	532.0	539.0	5.0	71.0	0.0	363.0	763.0	32.0	598.0	315.0	1642.0	1247.0	1458.0
ff4233e9-37c2-43d5-b4c5-99a6d3878d3f	875.0	1060.0	27.0	47.0	high	1038.0	2153.0	954.0	692.0	1203.0	1865.0	1003.0	4572.0
ff710149-0fc6-464a-93cb-e3b9bdcf3525	256.0	255.0	0.0	48.0	1.0	687.0	1199.0	826.0	446.0	212.0	872.0	822.0	1430.0
ff9b1f41-8be4-42d2-b2bd-96bcedc57f03	high	917.0	1.0	38.0	11.0	894.0	1309.0	792.0	988.0	high	3107.0	1261.0	7190.0
ffc0e668-4fc8-4278-abcd-67f7b57839c9	843.0	805.0	12.0	156.0	13.0	1092.0	2131.0	high	1219.0	1005.0	2224.0	1407.0	high
